<?xml version="1.0" encoding="UTF-8"?>
<metadata xml:lang="en"><Esri><CreaDate>20210611</CreaDate><CreaTime>13375200</CreaTime><ArcGISFormat>1.0</ArcGISFormat><SyncOnce>FALSE</SyncOnce><DataProperties><lineage><Process Name="Create Feature Class" ToolSource="c:\program files\arcgis\pro\Resources\ArcToolbox\toolboxes\Data Management Tools.tbx\CreateFeatureclass" Date="20210611" Time="120922">CreateFeatureclass D:\F\Crm2303_CU_Updates\Projects\SalmonCU\EN_FR.gdb Chinook_Salmon_CU_Boundary_En_2021 Polygon Chinook_Salmon_CU_Boundary_Fr No No "GEOGCS["GCS_North_American_1983",DATUM["D_North_American_1983",SPHEROID["GRS_1980",6378137.0,298.257222101]],PRIMEM["Greenwich",0.0],UNIT["Degree",0.0174532925199433]];-400 -400 11258999068426.2;-100000 10000;-100000 10000;8.98315284119521E-09;0.001;0.001;IsHighPrecision" # 0 0 0 #</Process><Process ToolSource="c:\program files\arcgis\pro\Resources\ArcToolbox\toolboxes\Data Management Tools.tbx\Rename" Date="20210611" Time="121132">Rename D:\F\Crm2303_CU_Updates\Projects\SalmonCU\EN_FR.gdb\Chinook_Salmon_CU_Boundary_En_2021 D:\F\Crm2303_CU_Updates\Projects\SalmonCU\EN_FR.gdb\Chinook_Salmon_CU_Boundary_Fr_2021 FeatureClass</Process><Process ToolSource="c:\program files\arcgis\pro\Resources\ArcToolbox\toolboxes\Data Management Tools.tbx\CopyMultiple" Date="20210611" Time="121438">CopyMultiple "D:\F\Crm2303_CU_Updates\Projects\SalmonCU\EN_FR.gdb\Chinook_Salmon_CU_Boundary_Fr_2021 FeatureClass;D:\F\Crm2303_CU_Updates\Projects\SalmonCU\EN_FR.gdb\Chinook_Salmon_CU_Boundary_Fr_2021_PendingApproval FeatureClass;D:\F\Crm2303_CU_Updates\Projects\SalmonCU\EN_FR.gdb\Chum_Salmon_CU_Boundary_Fr_2021_expand FeatureClass;D:\F\Crm2303_CU_Updates\Projects\SalmonCU\EN_FR.gdb\Chum_Salmon_CU_Boundary_Fr_2021_orig FeatureClass;D:\F\Crm2303_CU_Updates\Projects\SalmonCU\EN_FR.gdb\Coho_Salmon_CU_Boundary_Fr_2021 FeatureClass;D:\F\Crm2303_CU_Updates\Projects\SalmonCU\EN_FR.gdb\Even_Year_Pink_Salmon_CU_Boundary_Fr_2021 FeatureClass;D:\F\Crm2303_CU_Updates\Projects\SalmonCU\EN_FR.gdb\Lake_Type_Sockeye_Salmon_CU_Boundary_Fr_2021 FeatureClass;D:\F\Crm2303_CU_Updates\Projects\SalmonCU\EN_FR.gdb\Odd_Year_Pink_Salmon_CU_Boundary_Fr_2021 FeatureClass;D:\F\Crm2303_CU_Updates\Projects\SalmonCU\EN_FR.gdb\River_Type_Sockeye_Salmon_CU_Boundary_Fr_2021 FeatureClass;D:\F\Crm2303_CU_Updates\Projects\SalmonCU\EN_FR.gdb\SBC_Chinook_Salmon_CU_Boundary_Fr_2021 FeatureClass;D:\F\Crm2303_CU_Updates\Projects\SalmonCU\EN_FR.gdb\SBC_Chinook_Salmon_CU_Boundary_Fr_2021_PendingApproval FeatureClass" D:\F\Crm2303_CU_Updates\Deliverables\20210611_UpdatedDeliverable\CU_GEODATABASE\CU_FR.gdb Chinook_Salmon_CU_Boundary_Fr_2021;Chinook_Salmon_CU_Boundary_Fr_2021_PendingApproval;Chum_Salmon_CU_Boundary_Fr_2021_expand;Chum_Salmon_CU_Boundary_Fr_2021_orig;Coho_Salmon_CU_Boundary_Fr_2021;Even_Year_Pink_Salmon_CU_Boundary_Fr_2021;Lake_Type_Sockeye_Salmon_CU_Boundary_Fr_2021;Odd_Year_Pink_Salmon_CU_Boundary_Fr_2021;River_Type_Sockeye_Salmon_CU_Boundary_Fr_2021;SBC_Chinook_Salmon_CU_Boundary_Fr_2021;SBC_Chinook_Salmon_CU_Boundary_Fr_2021_PendingApproval "Chinook_Salmon_CU_Boundary_Fr_2021 FeatureClass Chinook_Salmon_CU_Boundary_Fr_2021 #;Chinook_Salmon_CU_Boundary_Fr_2021_PendingApproval FeatureClass Chinook_Salmon_CU_Boundary_Fr_2021_PendingApproval #;Chum_Salmon_CU_Boundary_Fr_2021_expand FeatureClass Chum_Salmon_CU_Boundary_Fr_2021_expand #;Chum_Salmon_CU_Boundary_Fr_2021_orig FeatureClass Chum_Salmon_CU_Boundary_Fr_2021_orig #;Coho_Salmon_CU_Boundary_Fr_2021 FeatureClass Coho_Salmon_CU_Boundary_Fr_2021 #;Even_Year_Pink_Salmon_CU_Boundary_Fr_2021 FeatureClass Even_Year_Pink_Salmon_CU_Boundary_Fr_2021 #;Lake_Type_Sockeye_Salmon_CU_Boundary_Fr_2021 FeatureClass Lake_Type_Sockeye_Salmon_CU_Boundary_Fr_2021 #;Odd_Year_Pink_Salmon_CU_Boundary_Fr_2021 FeatureClass Odd_Year_Pink_Salmon_CU_Boundary_Fr_2021 #;River_Type_Sockeye_Salmon_CU_Boundary_Fr_2021 FeatureClass River_Type_Sockeye_Salmon_CU_Boundary_Fr_2021 #;SBC_Chinook_Salmon_CU_Boundary_Fr_2021 FeatureClass SBC_Chinook_Salmon_CU_Boundary_Fr_2021 #;SBC_Chinook_Salmon_CU_Boundary_Fr_2021_PendingApproval FeatureClass SBC_Chinook_Salmon_CU_Boundary_Fr_2021_PendingApproval #"</Process><Process ToolSource="c:\program files\arcgis\pro\Resources\ArcToolbox\toolboxes\Data Management Tools.tbx\Append" Date="20210611" Time="131401">Append D:\F\Crm2303_CU_Updates\Deliverables\20210611_UpdatedDeliverable\CU_GEODATABASE\CU_EN.gdb\Chinook_Salmon_CU_Boundary_En_2021 D:\F\Crm2303_CU_Updates\Deliverables\20210611_UpdatedDeliverable\CU_GEODATABASE\CU_FR.gdb\Chinook_Salmon_CU_Boundary_Fr_2021 "Use the field map to reconcile field differences" "Shape_Leng "Shape_Leng" true true false 8 Double 0 0,First,#;SP_QUAL "SP_QUAL" true true false 50 Text 0 0,First,#,D:\F\Crm2303_CU_Updates\Deliverables\20210611_UpdatedDeliverable\CU_GEODATABASE\CU_EN.gdb\Chinook_Salmon_CU_Boundary_En_2021,SP_QUAL,0,50;NOM_UC "NOM_UC" true true false 254 Text 0 0,First,#,D:\F\Crm2303_CU_Updates\Deliverables\20210611_UpdatedDeliverable\CU_GEODATABASE\CU_EN.gdb\Chinook_Salmon_CU_Boundary_En_2021,CU_NAME,0,254;TYPE_UC "TYPE_UC" true true false 50 Text 0 0,First,#,D:\F\Crm2303_CU_Updates\Deliverables\20210611_UpdatedDeliverable\CU_GEODATABASE\CU_EN.gdb\Chinook_Salmon_CU_Boundary_En_2021,CU_TYPE,0,50;INDICE_UC "INDICE_UC" true true false 50 Text 0 0,First,#,D:\F\Crm2303_CU_Updates\Deliverables\20210611_UpdatedDeliverable\CU_GEODATABASE\CU_EN.gdb\Chinook_Salmon_CU_Boundary_En_2021,FULL_CU_IN,0,50" # #</Process><Process Name="Delete Field" ToolSource="c:\program files\arcgis\pro\Resources\ArcToolbox\toolboxes\Data Management Tools.tbx\DeleteField" Date="20210611" Time="133301">DeleteField Chinook_Salmon_CU_Boundary_Fr_2021 Shape_Leng</Process><Process ToolSource="c:\program files\arcgis\pro\Resources\ArcToolbox\toolboxes\Data Management Tools.tbx\CopyFeatures" Date="20210611" Time="133654">CopyFeatures D:\F\Crm2303_CU_Updates\Deliverables\20210611_UpdatedDeliverable\CU_GEODATABASE\CU_FR.gdb\Chinook_Salmon_CU_Boundary_Fr_2021 D:\F\Crm2303_CU_Updates\Deliverables\20210611_UpdatedDeliverable\CU_SHAPEFILES\Chinook_Salmon_CU_Boundary_Fr_2021.shp # # # #</Process><Process ToolSource="c:\program files\arcgis\pro\Resources\ArcToolbox\toolboxes\Data Management Tools.tbx\CopyMultiple" Date="20210611" Time="133752">CopyMultiple "D:\F\Crm2303_CU_Updates\Deliverables\20210611_UpdatedDeliverable\CU_SHAPEFILES\Chinook_Salmon_CU_Boundary_Fr_2021.shp shapefile_polygon;D:\F\Crm2303_CU_Updates\Deliverables\20210611_UpdatedDeliverable\CU_SHAPEFILES\Chinook_Salmon_CU_Boundary_Fr_2021_PendingApproval.shp shapefile_polygon" D:\F\Crm2303_CU_Updates\Deliverables\20210611_UpdatedDeliverable\CU_SHAPEFILES\CK-EXTERNAL_SHAPEFILES Chinook_Salmon_CU_Boundary_Fr_2021;Chinook_Salmon_CU_Boundary_Fr_2021_PendingApproval "Chinook_Salmon_CU_Boundary_Fr_2021 FeatureClass Chinook_Salmon_CU_Boundary_Fr_2021.shp #;Chinook_Salmon_CU_Boundary_Fr_2021_PendingApproval FeatureClass Chinook_Salmon_CU_Boundary_Fr_2021_PendingApproval.shp #"</Process></lineage><itemProps><itemLocation><linkage Sync="TRUE">file://\\CRMLTD36\F\Crm2303_CU_Updates\Deliverables\20210611_UpdatedDeliverable\CU_SHAPEFILES\CK-EXTERNAL_SHAPEFILES\Chinook_Salmon_CU_Boundary_Fr_2021</linkage><protocol Sync="TRUE">Local Area Network</protocol></itemLocation><itemName Sync="TRUE">Chinook_Salmon_CU_Boundary_Fr_2021</itemName><imsContentType Sync="TRUE">002</imsContentType><itemSize Sync="TRUE">0.000</itemSize></itemProps><coordRef><type Sync="TRUE">Geographic</type><geogcsn Sync="TRUE">GCS_North_American_1983</geogcsn><csUnits Sync="TRUE">Angular Unit: Degree (0.017453)</csUnits><peXml Sync="TRUE">&lt;GeographicCoordinateSystem xsi:type='typens:GeographicCoordinateSystem' xmlns:xsi='http://www.w3.org/2001/XMLSchema-instance' xmlns:xs='http://www.w3.org/2001/XMLSchema' xmlns:typens='http://www.esri.com/schemas/ArcGIS/2.8.0'&gt;&lt;WKT&gt;GEOGCS[&amp;quot;GCS_North_American_1983&amp;quot;,DATUM[&amp;quot;D_North_American_1983&amp;quot;,SPHEROID[&amp;quot;GRS_1980&amp;quot;,6378137.0,298.257222101]],PRIMEM[&amp;quot;Greenwich&amp;quot;,0.0],UNIT[&amp;quot;Degree&amp;quot;,0.0174532925199433],AUTHORITY[&amp;quot;EPSG&amp;quot;,4269]]&lt;/WKT&gt;&lt;XOrigin&gt;-400&lt;/XOrigin&gt;&lt;YOrigin&gt;-400&lt;/YOrigin&gt;&lt;XYScale&gt;11258999068426.238&lt;/XYScale&gt;&lt;ZOrigin&gt;-100000&lt;/ZOrigin&gt;&lt;ZScale&gt;10000&lt;/ZScale&gt;&lt;MOrigin&gt;-100000&lt;/MOrigin&gt;&lt;MScale&gt;10000&lt;/MScale&gt;&lt;XYTolerance&gt;8.983152841195215e-09&lt;/XYTolerance&gt;&lt;ZTolerance&gt;0.001&lt;/ZTolerance&gt;&lt;MTolerance&gt;0.001&lt;/MTolerance&gt;&lt;HighPrecision&gt;true&lt;/HighPrecision&gt;&lt;LeftLongitude&gt;-180&lt;/LeftLongitude&gt;&lt;WKID&gt;4269&lt;/WKID&gt;&lt;LatestWKID&gt;4269&lt;/LatestWKID&gt;&lt;/GeographicCoordinateSystem&gt;</peXml></coordRef><copyHistory><copy source="D:\F\Crm2303_CU_Updates\Deliverables\20210611_UpdatedDeliverable\CU_SHAPEFILES\Chinook_Salmon_CU_Boundary_Fr_2021" dest="\\CRMLTD36\F\Crm2303_CU_Updates\Deliverables\20210611_UpdatedDeliverable\CU_SHAPEFILES\CK-EXTERNAL_SHAPEFILES\Chinook_Salmon_CU_Boundary_Fr_2021" date="20210611" time="13375200"></copy></copyHistory></DataProperties><SyncDate>20210611</SyncDate><SyncTime>13365300</SyncTime><ModDate>20210611</ModDate><ModTime>13365300</ModTime></Esri><dataIdInfo><envirDesc Sync="TRUE">Microsoft Windows 10 Version 10.0 (Build 19041) ; Esri ArcGIS 12.8.0.29751</envirDesc><dataLang><languageCode value="eng" Sync="TRUE"></languageCode><countryCode value="CAN" Sync="TRUE"></countryCode></dataLang><idCitation><resTitle Sync="TRUE">Chinook_Salmon_CU_Boundary_Fr_2021</resTitle><presForm><PresFormCd value="005" Sync="TRUE"></PresFormCd></presForm></idCitation><spatRpType><SpatRepTypCd value="001" Sync="TRUE"></SpatRepTypCd></spatRpType></dataIdInfo><mdLang><languageCode value="eng" Sync="TRUE"></languageCode><countryCode value="CAN" Sync="TRUE"></countryCode></mdLang><distInfo><distFormat><formatName Sync="TRUE">Shapefile</formatName></distFormat><distTranOps><transSize Sync="TRUE">0.000</transSize></distTranOps></distInfo><mdHrLv><ScopeCd value="005" Sync="TRUE"></ScopeCd></mdHrLv><mdHrLvName Sync="TRUE">dataset</mdHrLvName><refSysInfo><RefSystem><refSysID><identCode code="4269" Sync="TRUE"></identCode><idCodeSpace Sync="TRUE">EPSG</idCodeSpace><idVersion Sync="TRUE">6.5(3.0.1)</idVersion></refSysID></RefSystem></refSysInfo><spatRepInfo><VectSpatRep><geometObjs Name="Chinook_Salmon_CU_Boundary_Fr_2021"><geoObjTyp><GeoObjTypCd value="002" Sync="TRUE"></GeoObjTypCd></geoObjTyp><geoObjCnt Sync="TRUE">0</geoObjCnt></geometObjs><topLvl><TopoLevCd value="001" Sync="TRUE"></TopoLevCd></topLvl></VectSpatRep></spatRepInfo><spdoinfo><ptvctinf><esriterm Name="Chinook_Salmon_CU_Boundary_Fr_2021"><efeatyp Sync="TRUE">Simple</efeatyp><efeageom code="4" Sync="TRUE"></efeageom><esritopo Sync="TRUE">FALSE</esritopo><efeacnt Sync="TRUE">0</efeacnt><spindex Sync="TRUE">FALSE</spindex><linrefer Sync="TRUE">FALSE</linrefer></esriterm></ptvctinf></spdoinfo><eainfo><detailed Name="Chinook_Salmon_CU_Boundary_Fr_2021"><enttyp><enttypl Sync="TRUE">Chinook_Salmon_CU_Boundary_Fr_2021</enttypl><enttypt Sync="TRUE">Feature Class</enttypt><enttypc Sync="TRUE">0</enttypc></enttyp><attr><attrlabl Sync="TRUE">FID</attrlabl><attalias Sync="TRUE">FID</attalias><attrtype Sync="TRUE">OID</attrtype><attwidth Sync="TRUE">4</attwidth><atprecis Sync="TRUE">0</atprecis><attscale Sync="TRUE">0</attscale><attrdef Sync="TRUE">Internal feature number.</attrdef><attrdefs Sync="TRUE">Esri</attrdefs><attrdomv><udom Sync="TRUE">Sequential unique whole numbers that are automatically generated.</udom></attrdomv></attr><attr><attrlabl Sync="TRUE">Shape</attrlabl><attalias Sync="TRUE">Shape</attalias><attrtype Sync="TRUE">Geometry</attrtype><attwidth Sync="TRUE">0</attwidth><atprecis Sync="TRUE">0</atprecis><attscale Sync="TRUE">0</attscale><attrdef Sync="TRUE">Feature geometry.</attrdef><attrdefs Sync="TRUE">Esri</attrdefs><attrdomv><udom Sync="TRUE">Coordinates defining the features.</udom></attrdomv></attr><attr><attrlabl Sync="TRUE">SP_QUAL</attrlabl><attalias Sync="TRUE">SP_QUAL</attalias><attrtype Sync="TRUE">String</attrtype><attwidth Sync="TRUE">50</attwidth><atprecis Sync="TRUE">0</atprecis><attscale Sync="TRUE">0</attscale></attr><attr><attrlabl Sync="TRUE">NOM_UC</attrlabl><attalias Sync="TRUE">NOM_UC</attalias><attrtype Sync="TRUE">String</attrtype><attwidth Sync="TRUE">254</attwidth><atprecis Sync="TRUE">0</atprecis><attscale Sync="TRUE">0</attscale></attr><attr><attrlabl Sync="TRUE">TYPE_UC</attrlabl><attalias Sync="TRUE">TYPE_UC</attalias><attrtype Sync="TRUE">String</attrtype><attwidth Sync="TRUE">50</attwidth><atprecis Sync="TRUE">0</atprecis><attscale Sync="TRUE">0</attscale></attr><attr><attrlabl Sync="TRUE">INDICE_UC</attrlabl><attalias Sync="TRUE">INDICE_UC</attalias><attrtype Sync="TRUE">String</attrtype><attwidth Sync="TRUE">50</attwidth><atprecis Sync="TRUE">0</atprecis><attscale Sync="TRUE">0</attscale></attr><attr><attrlabl Sync="TRUE">Shape_Leng</attrlabl><attalias Sync="TRUE">Shape_Leng</attalias><attrtype Sync="TRUE">Double</attrtype><attwidth Sync="TRUE">19</attwidth><atprecis Sync="TRUE">0</atprecis><attscale Sync="TRUE">0</attscale></attr><attr><attrlabl Sync="TRUE">Shape_Area</attrlabl><attalias Sync="TRUE">Shape_Area</attalias><attrtype Sync="TRUE">Double</attrtype><attwidth Sync="TRUE">19</attwidth><atprecis Sync="TRUE">0</atprecis><attscale Sync="TRUE">0</attscale><attrdef Sync="TRUE">Area of feature in internal units squared.</attrdef><attrdefs Sync="TRUE">Esri</attrdefs><attrdomv><udom Sync="TRUE">Positive real numbers that are automatically generated.</udom></attrdomv></attr></detailed></eainfo><mdDateSt Sync="TRUE">20210611</mdDateSt></metadata>
