<metadata xml:lang="en"><Esri><CreaDate>20210331</CreaDate><CreaTime>09244500</CreaTime><ArcGISFormat>1.0</ArcGISFormat><SyncOnce>FALSE</SyncOnce><DataProperties><lineage><Process ToolSource="c:\program files\arcgis\pro\Resources\ArcToolbox\toolboxes\Data Management Tools.tbx\CreateFeatureclass" Date="20210208" Time="102942">CreateFeatureclass D:\F\Crm2303_CU_Updates\Projects\SalmonCU\Final2020.gdb CK2020 Polygon # No No "GEOGCS['GCS_North_American_1983',DATUM['D_North_American_1983',SPHEROID['GRS_1980',6378137.0,298.257222101]],PRIMEM['Greenwich',0.0],UNIT['Degree',0.0174532925199433]];-400 -400 1000000000;-100000 10000;-100000 10000;8.98315284119521E-09;0.001;0.001;IsHighPrecision" # # # # #</Process><Process ToolSource="c:\program files\arcgis\pro\Resources\ArcToolbox\toolboxes\Data Management Tools.tbx\UpdateSchema" Date="20210208" Time="102943">UpdateSchema D:\F\Crm2303_CU_Updates\Projects\SalmonCU\Final2020.gdb\CK2020 &lt;operationSequence&gt;&lt;workflow&gt;&lt;AddField&gt;&lt;field_name&gt;Shape_Leng&lt;/field_name&gt;&lt;field_type&gt;DOUBLE&lt;/field_type&gt;&lt;field_alias&gt;Shape_Leng&lt;/field_alias&gt;&lt;field_is_nullable&gt;TRUE&lt;/field_is_nullable&gt;&lt;field_length&gt;8&lt;/field_length&gt;&lt;/AddField&gt;&lt;/workflow&gt;&lt;workflow&gt;&lt;AddField&gt;&lt;field_name&gt;CU_NAME&lt;/field_name&gt;&lt;field_type&gt;TEXT&lt;/field_type&gt;&lt;field_alias&gt;CU_NAME&lt;/field_alias&gt;&lt;field_is_nullable&gt;TRUE&lt;/field_is_nullable&gt;&lt;field_length&gt;254&lt;/field_length&gt;&lt;/AddField&gt;&lt;/workflow&gt;&lt;workflow&gt;&lt;AddField&gt;&lt;field_name&gt;FULL_CU_IN&lt;/field_name&gt;&lt;field_type&gt;TEXT&lt;/field_type&gt;&lt;field_alias&gt;FULL_CU_IN&lt;/field_alias&gt;&lt;field_is_nullable&gt;TRUE&lt;/field_is_nullable&gt;&lt;field_length&gt;50&lt;/field_length&gt;&lt;/AddField&gt;&lt;/workflow&gt;&lt;workflow&gt;&lt;AddField&gt;&lt;field_name&gt;SP_QUAL&lt;/field_name&gt;&lt;field_type&gt;TEXT&lt;/field_type&gt;&lt;field_alias&gt;SP_QUAL&lt;/field_alias&gt;&lt;field_is_nullable&gt;TRUE&lt;/field_is_nullable&gt;&lt;field_length&gt;50&lt;/field_length&gt;&lt;/AddField&gt;&lt;/workflow&gt;&lt;workflow&gt;&lt;AddField&gt;&lt;field_name&gt;CU_TYPE&lt;/field_name&gt;&lt;field_type&gt;TEXT&lt;/field_type&gt;&lt;field_alias&gt;CU_TYPE&lt;/field_alias&gt;&lt;field_is_nullable&gt;TRUE&lt;/field_is_nullable&gt;&lt;field_length&gt;50&lt;/field_length&gt;&lt;/AddField&gt;&lt;/workflow&gt;&lt;/operationSequence&gt;</Process><Process ToolSource="c:\program files\arcgis\pro\Resources\ArcToolbox\toolboxes\Data Management Tools.tbx\UpdateSchema" Date="20210208" Time="102944">UpdateSchema D:\F\Crm2303_CU_Updates\Projects\SalmonCU\Final2020.gdb\CK2020 &lt;operationSequence&gt;&lt;workflow&gt;&lt;AlterField&gt;&lt;field_name&gt;OBJECTID&lt;/field_name&gt;&lt;field_alias&gt;OBJECTID&lt;/field_alias&gt;&lt;/AlterField&gt;&lt;/workflow&gt;&lt;workflow&gt;&lt;AlterField&gt;&lt;field_name&gt;SHAPE&lt;/field_name&gt;&lt;field_alias&gt;SHAPE&lt;/field_alias&gt;&lt;/AlterField&gt;&lt;/workflow&gt;&lt;/operationSequence&gt;</Process><Process ToolSource="c:\program files\arcgis\pro\Resources\ArcToolbox\toolboxes\Data Management Tools.tbx\Append" Date="20210208" Time="103743">Append CK_TransDraft_2020 CK2020 "Use the field map to reconcile field differences" "Shape_Leng "Shape_Leng" true true false 8 Double 0 0,First,#;CU_NAME "CU_NAME" true true false 254 Text 0 0,First,#,CK_TransDraft_2020,CU_NAME,0,254;FULL_CU_IN "FULL_CU_IN" true true false 50 Text 0 0,First,#,CK_TransDraft_2020,FULL_CU_IN,0,50;SP_QUAL "SP_QUAL" true true false 50 Text 0 0,First,#,CK_TransDraft_2020,SP_QUAL,0,50;CU_TYPE "CU_TYPE" true true false 50 Text 0 0,First,#,CK_TransDraft_2020,CU_TYPE,0,50" # #</Process><Process ToolSource="c:\program files\arcgis\pro\Resources\ArcToolbox\toolboxes\Data Management Tools.tbx\UpdateSchema" Date="20210208" Time="103813">UpdateSchema "CIMDATA=&lt;CIMStandardDataConnection xsi:type='typens:CIMStandardDataConnection' xmlns:xsi='http://www.w3.org/2001/XMLSchema-instance' xmlns:xs='http://www.w3.org/2001/XMLSchema' xmlns:typens='http://www.esri.com/schemas/ArcGIS/2.7.0'&gt;&lt;WorkspaceConnectionString&gt;DATABASE=D:\F\Crm2303_CU_Updates\Projects\SalmonCU\Final2020.gdb&lt;/WorkspaceConnectionString&gt;&lt;WorkspaceFactory&gt;FileGDB&lt;/WorkspaceFactory&gt;&lt;Dataset&gt;CK2020&lt;/Dataset&gt;&lt;DatasetType&gt;esriDTFeatureClass&lt;/DatasetType&gt;&lt;/CIMStandardDataConnection&gt;" &lt;operationSequence&gt;&lt;workflow&gt;&lt;DeleteField&gt;&lt;field_name&gt;Shape_Leng&lt;/field_name&gt;&lt;/DeleteField&gt;&lt;/workflow&gt;&lt;/operationSequence&gt;</Process><Process ToolSource="c:\program files\arcgis\pro\Resources\ArcToolbox\toolboxes\Data Management Tools.tbx\Append" Date="20210208" Time="104325">Append CK_VI_2020 "Chinook Boundary (updated)" "Use the field map to reconcile field differences" "CU_NAME "CU_NAME" true true false 254 Text 0 0,First,#,CK_VI_2020,CU_NAME,0,254;FULL_CU_IN "FULL_CU_IN" true true false 50 Text 0 0,First,#,CK_VI_2020,FULL_CU_IN,0,50;SP_QUAL "SP_QUAL" true true false 50 Text 0 0,First,#,CK_VI_2020,SP_QUAL,0,50;CU_TYPE "CU_TYPE" true true false 50 Text 0 0,First,#,CK_VI_2020,CU_TYPE,0,50" # #</Process><Process ToolSource="c:\program files\arcgis\pro\Resources\ArcToolbox\toolboxes\Data Management Tools.tbx\CopyMultiple" Date="20210301" Time="120713">CopyMultiple "D:\F\Crm2303_CU_Updates\Projects\SalmonCU\Final2020.gdb\CK2020 FeatureClass;D:\F\Crm2303_CU_Updates\Projects\SalmonCU\Final2020.gdb\CM2020 FeatureClass;D:\F\Crm2303_CU_Updates\Projects\SalmonCU\Final2020.gdb\CO2020 FeatureClass" D:\F\Crm2303_CU_Updates\Projects\Topo_Task\Topo.gdb CK2020;CM2020;CO2020 "CK2020 FeatureClass CK2020 #;CM2020 FeatureClass CM2020 #;CO2020 FeatureClass CO2020 #"</Process><Process ToolSource="c:\program files\arcgis\pro\Resources\ArcToolbox\toolboxes\Data Management Tools.tbx\Rename" Date="20210301" Time="121103">Rename D:\F\Crm2303_CU_Updates\Projects\Topo_Task\Topo.gdb\CK2020 D:\F\Crm2303_CU_Updates\Projects\Topo_Task\Topo.gdb\CK2021 FeatureClass</Process><Process ToolSource="c:\program files\arcgis\pro\Resources\ArcToolbox\toolboxes\Data Management Tools.tbx\Append" Date="20210303" Time="080730">Append Yukon_CK_20210222;CK_NorthCoastDraft_2020 CK2021 "Input schema must match target schema" # # #</Process><Process ToolSource="c:\program files\arcgis\pro\Resources\ArcToolbox\toolboxes\Conversion Tools.tbx\FeatureClassToFeatureClass" Date="20210303" Time="110355">FeatureClassToFeatureClass AppendedLayers\CK2021 G:\F2\CRM2303_CU_Updates\20200302_Topo_Task\_1_ArcGISPro\TopoCheck.gdb\CK2021_TopoCheck2 CK2021_Fixed_2 # "CU_NAME "CU_NAME" true true false 254 Text 0 0,First,#,AppendedLayers\CK2021,CU_NAME,0,254;FULL_CU_IN "FULL_CU_IN" true true false 50 Text 0 0,First,#,AppendedLayers\CK2021,FULL_CU_IN,0,50;SP_QUAL "SP_QUAL" true true false 50 Text 0 0,First,#,AppendedLayers\CK2021,SP_QUAL,0,50;CU_TYPE "CU_TYPE" true true false 50 Text 0 0,First,#,AppendedLayers\CK2021,CU_TYPE,0,50;Shape_Length "Shape_Length" false true true 8 Double 0 0,First,#,AppendedLayers\CK2021,Shape_Length,-1,-1;Shape_Area "Shape_Area" false true true 8 Double 0 0,First,#,AppendedLayers\CK2021,Shape_Area,-1,-1" #</Process><Process ToolSource="c:\program files\arcgis\pro\Resources\ArcToolbox\toolboxes\Conversion Tools.tbx\FeatureClassToFeatureClass" Date="20210303" Time="131852">FeatureClassToFeatureClass CK2021_Fixed_2 G:\F2\CRM2303_CU_Updates\20200302_Topo_Task\_1_ArcGISPro\TopoCheck.gdb CK2021_Final # "CU_NAME "CU_NAME" true true false 254 Text 0 0,First,#,CK2021_Fixed_2,CU_NAME,0,254;FULL_CU_IN "FULL_CU_IN" true true false 50 Text 0 0,First,#,CK2021_Fixed_2,FULL_CU_IN,0,50;SP_QUAL "SP_QUAL" true true false 50 Text 0 0,First,#,CK2021_Fixed_2,SP_QUAL,0,50;CU_TYPE "CU_TYPE" true true false 50 Text 0 0,First,#,CK2021_Fixed_2,CU_TYPE,0,50;Shape_Length "Shape_Length" false true true 8 Double 0 0,First,#,CK2021_Fixed_2,Shape_Length,-1,-1;Shape_Area "Shape_Area" false true true 8 Double 0 0,First,#,CK2021_Fixed_2,Shape_Area,-1,-1" #</Process><Process ToolSource="c:\program files\arcgis\pro\Resources\ArcToolbox\toolboxes\Conversion Tools.tbx\FeatureClassToFeatureClass" Date="20210303" Time="142542">FeatureClassToFeatureClass CK2021_Final G:\F2\CRM2303_CU_Updates\20200302_Topo_Task\_1_ArcGISPro\TopoCheck.gdb CK2021_wFraser # "CU_NAME "CU_NAME" true true false 254 Text 0 0,First,#,CK2021_Final,CU_NAME,0,254;FULL_CU_IN "FULL_CU_IN" true true false 50 Text 0 0,First,#,CK2021_Final,FULL_CU_IN,0,50;SP_QUAL "SP_QUAL" true true false 50 Text 0 0,First,#,CK2021_Final,SP_QUAL,0,50;CU_TYPE "CU_TYPE" true true false 50 Text 0 0,First,#,CK2021_Final,CU_TYPE,0,50;Shape_Length "Shape_Length" false true true 8 Double 0 0,First,#,CK2021_Final,Shape_Length,-1,-1;Shape_Area "Shape_Area" false true true 8 Double 0 0,First,#,CK2021_Final,Shape_Area,-1,-1" #</Process><Process ToolSource="c:\program files\arcgis\pro\Resources\ArcToolbox\toolboxes\Data Management Tools.tbx\Append" Date="20210303" Time="142653">Append Fraser_CK_2021_TopoDone CK2021_wFraser "Input schema must match target schema" # # #</Process><Process ToolSource="c:\program files\arcgis\pro\Resources\ArcToolbox\toolboxes\Conversion Tools.tbx\FeatureClassToFeatureClass" Date="20210303" Time="142934">FeatureClassToFeatureClass CK2021_wFraser G:\F2\CRM2303_CU_Updates\20200302_Topo_Task\_1_ArcGISPro\TopoCheck.gdb\CK2021_wFraserTopoCheck CK2021_wFraser_Fixed # "CU_NAME "CU_NAME" true true false 254 Text 0 0,First,#,CK2021_wFraser,CU_NAME,0,254;FULL_CU_IN "FULL_CU_IN" true true false 50 Text 0 0,First,#,CK2021_wFraser,FULL_CU_IN,0,50;SP_QUAL "SP_QUAL" true true false 50 Text 0 0,First,#,CK2021_wFraser,SP_QUAL,0,50;CU_TYPE "CU_TYPE" true true false 50 Text 0 0,First,#,CK2021_wFraser,CU_TYPE,0,50;Shape_Length "Shape_Length" false true true 8 Double 0 0,First,#,CK2021_wFraser,Shape_Length,-1,-1;Shape_Area "Shape_Area" false true true 8 Double 0 0,First,#,CK2021_wFraser,Shape_Area,-1,-1" #</Process><Process ToolSource="c:\program files\arcgis\pro\Resources\ArcToolbox\toolboxes\Conversion Tools.tbx\FeatureClassToFeatureClass" Date="20210303" Time="145627">FeatureClassToFeatureClass CK2021_wFraser_Fixed G:\F2\CRM2303_CU_Updates\20200302_Topo_Task\_1_ArcGISPro\Final.gdb CK2021_Final # "CU_NAME "CU_NAME" true true false 254 Text 0 0,First,#,CK2021_wFraser_Fixed,CU_NAME,0,254;FULL_CU_IN "FULL_CU_IN" true true false 50 Text 0 0,First,#,CK2021_wFraser_Fixed,FULL_CU_IN,0,50;SP_QUAL "SP_QUAL" true true false 50 Text 0 0,First,#,CK2021_wFraser_Fixed,SP_QUAL,0,50;CU_TYPE "CU_TYPE" true true false 50 Text 0 0,First,#,CK2021_wFraser_Fixed,CU_TYPE,0,50;Shape_Length "Shape_Length" false true true 8 Double 0 0,First,#,CK2021_wFraser_Fixed,Shape_Length,-1,-1;Shape_Area "Shape_Area" false true true 8 Double 0 0,First,#,CK2021_wFraser_Fixed,Shape_Area,-1,-1" #</Process><Process ToolSource="c:\program files\arcgis\pro\Resources\ArcToolbox\toolboxes\Data Management Tools.tbx\Append" Date="20210304" Time="113332">Append CK_15_Updated Final\CK2021_Final "Input schema must match target schema" # # #</Process><Process ToolSource="c:\program files\arcgis\pro\Resources\ArcToolbox\toolboxes\Conversion Tools.tbx\FeatureClassToFeatureClass" Date="20210304" Time="134150">FeatureClassToFeatureClass Final\CK2021_Final G:\F2\CRM2303_CU_Updates\20200302_Topo_Task\_1_ArcGISPro\TopoChecks_20210304.gdb\CK2021_TopoCheck_20210304 CK2021_TopoWorking_20210304 # "CU_NAME "CU_NAME" true true false 254 Text 0 0,First,#,Final\CK2021_Final,CU_NAME,0,254;FULL_CU_IN "FULL_CU_IN" true true false 50 Text 0 0,First,#,Final\CK2021_Final,FULL_CU_IN,0,50;SP_QUAL "SP_QUAL" true true false 50 Text 0 0,First,#,Final\CK2021_Final,SP_QUAL,0,50;CU_TYPE "CU_TYPE" true true false 50 Text 0 0,First,#,Final\CK2021_Final,CU_TYPE,0,50;Shape_Length "Shape_Length" false true true 8 Double 0 0,First,#,Final\CK2021_Final,Shape_Length,-1,-1;Shape_Area "Shape_Area" false true true 8 Double 0 0,First,#,Final\CK2021_Final,Shape_Area,-1,-1" #</Process><Process ToolSource="c:\program files\arcgis\pro\Resources\ArcToolbox\toolboxes\Conversion Tools.tbx\FeatureClassToFeatureClass" Date="20210310" Time="123052">FeatureClassToFeatureClass CK2021_TopoWorking_20210304 \\crmltd30\F2\CRM2303_CU_Updates\20200302_Topo_Task\_1_ArcGISPro\Final.gdb CK2021_20210310 # "CU_NAME "CU_NAME" true true false 254 Text 0 0,First,#,CK2021_TopoWorking_20210304,CU_NAME,0,254;FULL_CU_IN "FULL_CU_IN" true true false 50 Text 0 0,First,#,CK2021_TopoWorking_20210304,FULL_CU_IN,0,50;SP_QUAL "SP_QUAL" true true false 50 Text 0 0,First,#,CK2021_TopoWorking_20210304,SP_QUAL,0,50;CU_TYPE "CU_TYPE" true true false 50 Text 0 0,First,#,CK2021_TopoWorking_20210304,CU_TYPE,0,50;Shape_Length "Shape_Length" false true true 8 Double 0 0,First,#,CK2021_TopoWorking_20210304,Shape_Length,-1,-1;Shape_Area "Shape_Area" false true true 8 Double 0 0,First,#,CK2021_TopoWorking_20210304,Shape_Area,-1,-1" #</Process><Process Name="Add Field" ToolSource="c:\program files\arcgis\pro\Resources\ArcToolbox\toolboxes\Data Management Tools.tbx\AddField" Date="20210310" Time="155539">AddField CK2021_20210310 CU_NAME_NuSEDS Text # # 254 # NULLABLE NON_REQUIRED #</Process><Process Name="Add Field" ToolSource="c:\program files\arcgis\pro\Resources\ArcToolbox\toolboxes\Data Management Tools.tbx\AddField" Date="20210310" Time="155542">AddField CK2021_20210310 CU_NAME_NuSEDS Text # # 254 # NULLABLE NON_REQUIRED #</Process><Process ToolSource="c:\program files\arcgis\pro\Resources\ArcToolbox\toolboxes\Data Management Tools.tbx\CopyMultiple" Date="20210311" Time="142927">CopyMultiple "\\crmltd30\F2\CRM2303_CU_Updates\20200302_Topo_Task\_1_ArcGISPro\Final.gdb\CK2021_20210310 FeatureClass" \\crmltd30\F2\CRM2303_CU_Updates\20200302_Topo_Task\_1_ArcGISPro\Final.gdb CK2021_20210310_1 "CK2021_20210310 FeatureClass CK2021_20210310_1 #"</Process><Process ToolSource="c:\program files\arcgis\pro\Resources\ArcToolbox\toolboxes\Data Management Tools.tbx\Rename" Date="20210311" Time="142939">Rename \\crmltd30\F2\CRM2303_CU_Updates\20200302_Topo_Task\_1_ArcGISPro\Final.gdb\CK2021_20210310_1 \\crmltd30\F2\CRM2303_CU_Updates\20200302_Topo_Task\_1_ArcGISPro\Final.gdb\CK2021_20210311 FeatureClass</Process><Process ToolSource="c:\program files\arcgis\pro\Resources\ArcToolbox\toolboxes\Data Management Tools.tbx\CopyMultiple" Date="20210330" Time="135110">CopyMultiple "\\crmltd30\F2\CRM2303_CU_Updates\20200302_Topo_Task\_1_ArcGISPro\Final.gdb\CK2021_20210311 FeatureClass" \\crmltd30\F2\CRM2303_CU_Updates\20200302_Topo_Task\_1_ArcGISPro\Final.gdb CK2021_20210311_1 "CK2021_20210311 FeatureClass CK2021_20210311_1 #"</Process><Process ToolSource="c:\program files\arcgis\pro\Resources\ArcToolbox\toolboxes\Data Management Tools.tbx\Rename" Date="20210330" Time="135120">Rename \\crmltd30\F2\CRM2303_CU_Updates\20200302_Topo_Task\_1_ArcGISPro\Final.gdb\CK2021_20210311_1 \\crmltd30\F2\CRM2303_CU_Updates\20200302_Topo_Task\_1_ArcGISPro\Final.gdb\CK2021_20210330 FeatureClass</Process><Process ToolSource="c:\program files\arcgis\pro\Resources\ArcToolbox\toolboxes\Data Management Tools.tbx\Append" Date="20210330" Time="135941">Append FraserCUs_20210330_Dissolve CK2021_20210330 "Use the field map to reconcile field differences" "CU_NAME "CU_NAME" true true false 254 Text 0 0,First,#,FraserCUs_20210330_Dissolve,CU_NAME,0,254;FULL_CU_IN "FULL_CU_IN" true true false 50 Text 0 0,First,#,FraserCUs_20210330_Dissolve,FULL_CU_IN,0,50;SP_QUAL "SP_QUAL" true true false 50 Text 0 0,First,#,FraserCUs_20210330_Dissolve,SP_QUAL,0,50;CU_TYPE "CU_TYPE" true true false 50 Text 0 0,First,#,FraserCUs_20210330_Dissolve,CU_TYPE,0,50;CU_NAME_NuSEDS "CU_NAME_NuSEDS" true true false 254 Text 0 0,First,#,FraserCUs_20210330_Dissolve,CU_NAME_NuSEDS,0,254" # #</Process><Process ToolSource="c:\program files\arcgis\pro\Resources\ArcToolbox\toolboxes\Data Management Tools.tbx\Append" Date="20210330" Time="140057">Append NorthernCentralDraft_2021 CK2021_20210330 "Use the field map to reconcile field differences" "CU_NAME "CU_NAME" true true false 254 Text 0 0,First,#,NorthernCentralDraft_2021,CU_NAME,0,254;FULL_CU_IN "FULL_CU_IN" true true false 50 Text 0 0,First,#,NorthernCentralDraft_2021,FULL_CU_IN,0,50;SP_QUAL "SP_QUAL" true true false 50 Text 0 0,First,#,NorthernCentralDraft_2021,SP_QUAL,0,50;CU_TYPE "CU_TYPE" true true false 50 Text 0 0,First,#,NorthernCentralDraft_2021,CU_TYPE,0,50;CU_NAME_NuSEDS "CU_NAME_NuSEDS" true true false 254 Text 0 0,First,#" # #</Process><Process ToolSource="c:\program files\arcgis\pro\Resources\ArcToolbox\toolboxes\Data Management Tools.tbx\Append" Date="20210330" Time="140438">Append CK_Central_20210311_PieterVanWIll CK2021_20210330 "Use the field map to reconcile field differences" "CU_NAME "CU_NAME" true true false 254 Text 0 0,First,#,NorthernCentralDraft_2021,CU_NAME,0,254;FULL_CU_IN "FULL_CU_IN" true true false 50 Text 0 0,First,#,NorthernCentralDraft_2021,FULL_CU_IN,0,50;SP_QUAL "SP_QUAL" true true false 50 Text 0 0,First,#,NorthernCentralDraft_2021,SP_QUAL,0,50;CU_TYPE "CU_TYPE" true true false 50 Text 0 0,First,#,NorthernCentralDraft_2021,CU_TYPE,0,50;CU_NAME_NuSEDS "CU_NAME_NuSEDS" true true false 254 Text 0 0,First,#" # #</Process><Process ToolSource="c:\program files\arcgis\pro\Resources\ArcToolbox\toolboxes\Data Management Tools.tbx\Append" Date="20210330" Time="140647">Append CK_44_AllEastCoast;CK_43_Expand CK2021_20210330 "Use the field map to reconcile field differences" "CU_NAME "CU_NAME" true true false 254 Text 0 0,First,#,NorthernCentralDraft_2021,CU_NAME,0,254;FULL_CU_IN "FULL_CU_IN" true true false 50 Text 0 0,First,#,NorthernCentralDraft_2021,FULL_CU_IN,0,50;SP_QUAL "SP_QUAL" true true false 50 Text 0 0,First,#,NorthernCentralDraft_2021,SP_QUAL,0,50;CU_TYPE "CU_TYPE" true true false 50 Text 0 0,First,#,NorthernCentralDraft_2021,CU_TYPE,0,50;CU_NAME_NuSEDS "CU_NAME_NuSEDS" true true false 254 Text 0 0,First,#" # #</Process><Process ToolSource="c:\program files\arcgis\pro\Resources\ArcToolbox\toolboxes\Conversion Tools.tbx\FeatureClassToFeatureClass" Date="20210330" Time="143810">FeatureClassToFeatureClass G:\F2\CRM2303_CU_Updates\20200302_Topo_Task\_1_ArcGISPro\Final.gdb\CK2021_20210330 G:\F2\CRM2303_CU_Updates\20200302_Topo_Task\_1_ArcGISPro\TopoCheck_20210330.gdb\CK2021_20210330_TopologyCheck CK2021_20210330_TopologyCheck # "CU_NAME "CU_NAME" true true false 254 Text 0 0,First,#,G:\F2\CRM2303_CU_Updates\20200302_Topo_Task\_1_ArcGISPro\Final.gdb\CK2021_20210330,CU_NAME,0,254;FULL_CU_IN "FULL_CU_IN" true true false 50 Text 0 0,First,#,G:\F2\CRM2303_CU_Updates\20200302_Topo_Task\_1_ArcGISPro\Final.gdb\CK2021_20210330,FULL_CU_IN,0,50;SP_QUAL "SP_QUAL" true true false 50 Text 0 0,First,#,G:\F2\CRM2303_CU_Updates\20200302_Topo_Task\_1_ArcGISPro\Final.gdb\CK2021_20210330,SP_QUAL,0,50;CU_TYPE "CU_TYPE" true true false 50 Text 0 0,First,#,G:\F2\CRM2303_CU_Updates\20200302_Topo_Task\_1_ArcGISPro\Final.gdb\CK2021_20210330,CU_TYPE,0,50;CU_NAME_NuSEDS "CU_NAME_NuSEDS" true true false 254 Text 0 0,First,#,G:\F2\CRM2303_CU_Updates\20200302_Topo_Task\_1_ArcGISPro\Final.gdb\CK2021_20210330,CU_NAME_NuSEDS,0,254;Shape_Length "Shape_Length" false true true 8 Double 0 0,First,#,G:\F2\CRM2303_CU_Updates\20200302_Topo_Task\_1_ArcGISPro\Final.gdb\CK2021_20210330,Shape_Length,-1,-1;Shape_Area "Shape_Area" false true true 8 Double 0 0,First,#,G:\F2\CRM2303_CU_Updates\20200302_Topo_Task\_1_ArcGISPro\Final.gdb\CK2021_20210330,Shape_Area,-1,-1" #</Process><Process ToolSource="c:\program files\arcgis\pro\Resources\ArcToolbox\toolboxes\Conversion Tools.tbx\FeatureClassToFeatureClass" Date="20210330" Time="153001">FeatureClassToFeatureClass G:\F2\CRM2303_CU_Updates\20200302_Topo_Task\_1_ArcGISPro\TopoCheck_20210330.gdb\CK2021_20210330_TopologyCheck\CK2021_20210330_TopologyCheck G:\F2\CRM2303_CU_Updates\20200302_Topo_Task\_1_ArcGISPro\Final.gdb CK2021_20210330 # "CU_NAME "CU_NAME" true true false 254 Text 0 0,First,#,G:\F2\CRM2303_CU_Updates\20200302_Topo_Task\_1_ArcGISPro\TopoCheck_20210330.gdb\CK2021_20210330_TopologyCheck\CK2021_20210330_TopologyCheck,CU_NAME,0,254;FULL_CU_IN "FULL_CU_IN" true true false 50 Text 0 0,First,#,G:\F2\CRM2303_CU_Updates\20200302_Topo_Task\_1_ArcGISPro\TopoCheck_20210330.gdb\CK2021_20210330_TopologyCheck\CK2021_20210330_TopologyCheck,FULL_CU_IN,0,50;SP_QUAL "SP_QUAL" true true false 50 Text 0 0,First,#,G:\F2\CRM2303_CU_Updates\20200302_Topo_Task\_1_ArcGISPro\TopoCheck_20210330.gdb\CK2021_20210330_TopologyCheck\CK2021_20210330_TopologyCheck,SP_QUAL,0,50;CU_TYPE "CU_TYPE" true true false 50 Text 0 0,First,#,G:\F2\CRM2303_CU_Updates\20200302_Topo_Task\_1_ArcGISPro\TopoCheck_20210330.gdb\CK2021_20210330_TopologyCheck\CK2021_20210330_TopologyCheck,CU_TYPE,0,50;CU_NAME_NuSEDS "CU_NAME_NuSEDS" true true false 254 Text 0 0,First,#,G:\F2\CRM2303_CU_Updates\20200302_Topo_Task\_1_ArcGISPro\TopoCheck_20210330.gdb\CK2021_20210330_TopologyCheck\CK2021_20210330_TopologyCheck,CU_NAME_NuSEDS,0,254;Shape_Length "Shape_Length" false true true 8 Double 0 0,First,#,G:\F2\CRM2303_CU_Updates\20200302_Topo_Task\_1_ArcGISPro\TopoCheck_20210330.gdb\CK2021_20210330_TopologyCheck\CK2021_20210330_TopologyCheck,Shape_Length,-1,-1;Shape_Area "Shape_Area" false true true 8 Double 0 0,First,#,G:\F2\CRM2303_CU_Updates\20200302_Topo_Task\_1_ArcGISPro\TopoCheck_20210330.gdb\CK2021_20210330_TopologyCheck\CK2021_20210330_TopologyCheck,Shape_Area,-1,-1" #</Process><Process ToolSource="c:\program files\arcgis\pro\Resources\ArcToolbox\toolboxes\Data Management Tools.tbx\CopyMultiple" Date="20210331" Time="092446">CopyMultiple "\\crmltd30\F2\CRM2303_CU_Updates\20200302_Topo_Task\_1_ArcGISPro\Final.gdb\CK2021_20210330 FeatureClass" \\crmltd30\F2\CRM2303_CU_Updates\20200302_Topo_Task\_1_ArcGISPro\Final.gdb CK2021_20210330_1 "CK2021_20210330 FeatureClass CK2021_20210330_1 #"</Process><Process ToolSource="c:\program files\arcgis\pro\Resources\ArcToolbox\toolboxes\Data Management Tools.tbx\Rename" Date="20210331" Time="092458">Rename \\crmltd30\F2\CRM2303_CU_Updates\20200302_Topo_Task\_1_ArcGISPro\Final.gdb\CK2021_20210330_1 \\crmltd30\F2\CRM2303_CU_Updates\20200302_Topo_Task\_1_ArcGISPro\Final.gdb\CK2021_20210331 FeatureClass</Process><Process ToolSource="c:\program files\arcgis\pro\Resources\ArcToolbox\toolboxes\Analysis Tools.tbx\Erase" Date="20210331" Time="095323">Erase CK2021_20210331 FWA_ASS_WS_CK_check20210331 D:\F\Crm2303_CU_Updates\Projects\SalmonCU\Chinook_Final_Multi.gdb\CK2021_20210331_Erase #</Process><Process ToolSource="c:\program files\arcgis\pro\Resources\ArcToolbox\toolboxes\Data Management Tools.tbx\Append" Date="20210331" Time="095624">Append FWA_ASS_WS_CK_check20210331 CK2021_20210331_Erase "Use the field map to reconcile field differences" "CU_NAME "CU_NAME" true true false 254 Text 0 0,First,#;FULL_CU_IN "FULL_CU_IN" true true false 50 Text 0 0,First,#;SP_QUAL "SP_QUAL" true true false 50 Text 0 0,First,#;CU_TYPE "CU_TYPE" true true false 50 Text 0 0,First,#;CU_NAME_NuSEDS "CU_NAME_NuSEDS" true true false 254 Text 0 0,First,#" # #</Process><Process ToolSource="c:\program files\arcgis\pro\Resources\ArcToolbox\toolboxes\Conversion Tools.tbx\FeatureClassToFeatureClass" Date="20210331" Time="105755">FeatureClassToFeatureClass CK2021_20210331_Erase \\crmltd30\F2\CRM2303_CU_Updates\20200302_Topo_Task\_1_ArcGISPro\Final.gdb CK2021_20210331 # "CU_NAME "CU_NAME" true true false 254 Text 0 0,First,#,CK2021_20210331_Erase,CU_NAME,0,254;FULL_CU_IN "FULL_CU_IN" true true false 50 Text 0 0,First,#,CK2021_20210331_Erase,FULL_CU_IN,0,50;SP_QUAL "SP_QUAL" true true false 50 Text 0 0,First,#,CK2021_20210331_Erase,SP_QUAL,0,50;CU_TYPE "CU_TYPE" true true false 50 Text 0 0,First,#,CK2021_20210331_Erase,CU_TYPE,0,50;CU_NAME_NuSEDS "CU_NAME_NuSEDS" true true false 254 Text 0 0,First,#,CK2021_20210331_Erase,CU_NAME_NuSEDS,0,254;Shape_Length "Shape_Length" false true true 8 Double 0 0,First,#,CK2021_20210331_Erase,Shape_Length,-1,-1;Shape_Area "Shape_Area" false true true 8 Double 0 0,First,#,CK2021_20210331_Erase,Shape_Area,-1,-1" #</Process><Process ToolSource="c:\program files\arcgis\pro\Resources\ArcToolbox\toolboxes\Data Management Tools.tbx\JoinField" Date="20210331" Time="113359">JoinField CK2021_20210331 FULL_CU_IN CU_All_CK FULL_CU_IN CU_NAME</Process><Process ToolSource="c:\program files\arcgis\pro\Resources\ArcToolbox\toolboxes\Data Management Tools.tbx\CalculateField" Date="20210331" Time="113434">CalculateField CK2021_20210331 CU_NAME_NuSEDS !CU_NAME_1! "Python 3" # Text</Process><Process ToolSource="c:\program files\arcgis\pro\Resources\ArcToolbox\toolboxes\Data Management Tools.tbx\DeleteField" Date="20210331" Time="113509">DeleteField CK2021_20210331 CU_NAME_1</Process><Process ToolSource="c:\program files\arcgis\pro\Resources\ArcToolbox\toolboxes\Conversion Tools.tbx\FeatureClassToFeatureClass" Date="20210331" Time="115905">FeatureClassToFeatureClass CK2021_20210331 G:\F2\CRM2303_CU_Updates\20200302_Topo_Task\_1_ArcGISPro\TopoCheck_20210331.gdb\TopoCheck_CK2021_20210331 TopoCheck_CK2021_20210331 # "CU_NAME "CU_NAME" true true false 254 Text 0 0,First,#,CK2021_20210331,CU_NAME,0,254;FULL_CU_IN "FULL_CU_IN" true true false 50 Text 0 0,First,#,CK2021_20210331,FULL_CU_IN,0,50;SP_QUAL "SP_QUAL" true true false 50 Text 0 0,First,#,CK2021_20210331,SP_QUAL,0,50;CU_TYPE "CU_TYPE" true true false 50 Text 0 0,First,#,CK2021_20210331,CU_TYPE,0,50;CU_NAME_NuSEDS "CU_NAME_NuSEDS" true true false 254 Text 0 0,First,#,CK2021_20210331,CU_NAME_NuSEDS,0,254;Shape_Length "Shape_Length" false true true 8 Double 0 0,First,#,CK2021_20210331,Shape_Length,-1,-1;Shape_Area "Shape_Area" false true true 8 Double 0 0,First,#,CK2021_20210331,Shape_Area,-1,-1" #</Process><Process ToolSource="c:\program files\arcgis\pro\Resources\ArcToolbox\toolboxes\Conversion Tools.tbx\FeatureClassToFeatureClass" Date="20210331" Time="125334">FeatureClassToFeatureClass TopoCheck_CK2021_20210331 G:\F2\CRM2303_CU_Updates\20200302_Topo_Task\_1_ArcGISPro\Final.gdb CK2021_20210331 # "CU_NAME "CU_NAME" true true false 254 Text 0 0,First,#,TopoCheck_CK2021_20210331,CU_NAME,0,254;FULL_CU_IN "FULL_CU_IN" true true false 50 Text 0 0,First,#,TopoCheck_CK2021_20210331,FULL_CU_IN,0,50;SP_QUAL "SP_QUAL" true true false 50 Text 0 0,First,#,TopoCheck_CK2021_20210331,SP_QUAL,0,50;CU_TYPE "CU_TYPE" true true false 50 Text 0 0,First,#,TopoCheck_CK2021_20210331,CU_TYPE,0,50;CU_NAME_NuSEDS "CU_NAME_NuSEDS" true true false 254 Text 0 0,First,#,TopoCheck_CK2021_20210331,CU_NAME_NuSEDS,0,254;Shape_Length "Shape_Length" false true true 8 Double 0 0,First,#,TopoCheck_CK2021_20210331,Shape_Length,-1,-1;Shape_Area "Shape_Area" false true true 8 Double 0 0,First,#,TopoCheck_CK2021_20210331,Shape_Area,-1,-1" #</Process><Process ToolSource="c:\program files\arcgis\pro\Resources\ArcToolbox\toolboxes\Conversion Tools.tbx\FeatureClassToFeatureClass" Date="20210401" Time="091317">FeatureClassToFeatureClass CK2021_20210331 D:\F\Crm2303_CU_Updates\Deliverables\20210331_CUs\Final.gdb Chinook_Salmon_CU_Boundary_En_2021 # "CU_NAME "CU_NAME" true true false 254 Text 0 0,First,#,CK2021_20210331,CU_NAME,0,254;FULL_CU_IN "FULL_CU_IN" true true false 50 Text 0 0,First,#,CK2021_20210331,FULL_CU_IN,0,50;SP_QUAL "SP_QUAL" true true false 50 Text 0 0,First,#,CK2021_20210331,SP_QUAL,0,50;CU_TYPE "CU_TYPE" true true false 50 Text 0 0,First,#,CK2021_20210331,CU_TYPE,0,50;CU_NAME_NuSEDS "CU_NAME_NuSEDS" true true false 254 Text 0 0,First,#,CK2021_20210331,CU_NAME_NuSEDS,0,254;Shape_Length "Shape_Length" false true true 8 Double 0 0,First,#,CK2021_20210331,Shape_Length,-1,-1;Shape_Area "Shape_Area" false true true 8 Double 0 0,First,#,CK2021_20210331,Shape_Area,-1,-1" #</Process><Process ToolSource="c:\program files\arcgis\pro\Resources\ArcToolbox\toolboxes\Data Management Tools.tbx\CopyFeatures" Date="20210401" Time="091433">CopyFeatures Chinook_Salmon_CU_Boundary_En_2021 D:\F\Crm2303_CU_Updates\Deliverables\20210331_CUs\CK-EXTERNAL_SHAPEFILES\Chinook_Salmon_CU_Boundary_En_2021.shp # # # #</Process><Process ToolSource="c:\program files\arcgis\pro\Resources\ArcToolbox\toolboxes\Data Management Tools.tbx\CopyFeatures" Date="20210407" Time="151238">CopyFeatures D:\F\Crm2303_CU_Updates\Deliverables\20210407_UpdatedDeliverable\Shapefiles\CK-EXTERNAL_SHAPEFILES\Chinook_Salmon_CU_Boundary_En_2021.shp D:\F\Crm2303_CU_Updates\Projects\OutlookUnits\UpdatedDeliverable_2021.gdb\Chinook_Salmon_CU_Boundary_En_2021 # # # #</Process><Process ToolSource="c:\program files\arcgis\pro\Resources\ArcToolbox\toolboxes\Data Management Tools.tbx\UpdateSchema" Date="20210413" Time="111412">UpdateSchema "CIMDATA=&lt;CIMStandardDataConnection xsi:type='typens:CIMStandardDataConnection' xmlns:xsi='http://www.w3.org/2001/XMLSchema-instance' xmlns:xs='http://www.w3.org/2001/XMLSchema' xmlns:typens='http://www.esri.com/schemas/ArcGIS/2.7.0'&gt;&lt;WorkspaceConnectionString&gt;DATABASE=D:\F\Crm2303_CU_Updates\Deliverables\20210407_UpdatedDeliverable\UpdatedDeliverable_2021.gdb&lt;/WorkspaceConnectionString&gt;&lt;WorkspaceFactory&gt;FileGDB&lt;/WorkspaceFactory&gt;&lt;Dataset&gt;Chinook_Salmon_CU_Boundary_En_2021&lt;/Dataset&gt;&lt;DatasetType&gt;esriDTFeatureClass&lt;/DatasetType&gt;&lt;/CIMStandardDataConnection&gt;" &lt;operationSequence&gt;&lt;workflow&gt;&lt;DeleteField&gt;&lt;field_name&gt;Shape_Leng&lt;/field_name&gt;&lt;/DeleteField&gt;&lt;/workflow&gt;&lt;/operationSequence&gt;</Process><Process ToolSource="c:\program files\arcgis\pro\Resources\ArcToolbox\toolboxes\Conversion Tools.tbx\FeatureClassToFeatureClass" Date="20210413" Time="114849">FeatureClassToFeatureClass D:\F\Crm2303_CU_Updates\Deliverables\20210407_UpdatedDeliverable\UpdatedDeliverable_2021.gdb\Chinook_Salmon_CU_Boundary_En_2021 D:\F\Crm2303_CU_Updates\Projects\SalmonCU\Topo.gdb\cus Chinook_Salmon_CU_Boundary_En_2021_topo # "CU_NAME "CU_NAME" true true false 254 Text 0 0,First,#,D:\F\Crm2303_CU_Updates\Deliverables\20210407_UpdatedDeliverable\UpdatedDeliverable_2021.gdb\Chinook_Salmon_CU_Boundary_En_2021,CU_NAME,0,254;FULL_CU_IN "FULL_CU_IN" true true false 50 Text 0 0,First,#,D:\F\Crm2303_CU_Updates\Deliverables\20210407_UpdatedDeliverable\UpdatedDeliverable_2021.gdb\Chinook_Salmon_CU_Boundary_En_2021,FULL_CU_IN,0,50;SP_QUAL "SP_QUAL" true true false 50 Text 0 0,First,#,D:\F\Crm2303_CU_Updates\Deliverables\20210407_UpdatedDeliverable\UpdatedDeliverable_2021.gdb\Chinook_Salmon_CU_Boundary_En_2021,SP_QUAL,0,50;CU_TYPE "CU_TYPE" true true false 50 Text 0 0,First,#,D:\F\Crm2303_CU_Updates\Deliverables\20210407_UpdatedDeliverable\UpdatedDeliverable_2021.gdb\Chinook_Salmon_CU_Boundary_En_2021,CU_TYPE,0,50;Shape_Length "Shape_Length" false true true 8 Double 0 0,First,#,D:\F\Crm2303_CU_Updates\Deliverables\20210407_UpdatedDeliverable\UpdatedDeliverable_2021.gdb\Chinook_Salmon_CU_Boundary_En_2021,Shape_Length,-1,-1;Shape_Area "Shape_Area" false true true 8 Double 0 0,First,#,D:\F\Crm2303_CU_Updates\Deliverables\20210407_UpdatedDeliverable\UpdatedDeliverable_2021.gdb\Chinook_Salmon_CU_Boundary_En_2021,Shape_Area,-1,-1" #</Process><Process ToolSource="c:\program files\arcgis\pro\Resources\ArcToolbox\toolboxes\Conversion Tools.tbx\FeatureClassToFeatureClass" Date="20210414" Time="110813">FeatureClassToFeatureClass D:\F\Crm2303_CU_Updates\Projects\SalmonCU\Topo.gdb\cus\Chinook_Salmon_CU_Boundary_En_2021_topo D:\F\Crm2303_CU_Updates\Deliverables\20210407_UpdatedDeliverable\UpdatedDeliverable_2021.gdb Chinook_Salmon_CU_Boundary_En_2021 # "CU_NAME "CU_NAME" true true false 254 Text 0 0,First,#,D:\F\Crm2303_CU_Updates\Projects\SalmonCU\Topo.gdb\cus\Chinook_Salmon_CU_Boundary_En_2021_topo,CU_NAME,0,254;FULL_CU_IN "FULL_CU_IN" true true false 50 Text 0 0,First,#,D:\F\Crm2303_CU_Updates\Projects\SalmonCU\Topo.gdb\cus\Chinook_Salmon_CU_Boundary_En_2021_topo,FULL_CU_IN,0,50;SP_QUAL "SP_QUAL" true true false 50 Text 0 0,First,#,D:\F\Crm2303_CU_Updates\Projects\SalmonCU\Topo.gdb\cus\Chinook_Salmon_CU_Boundary_En_2021_topo,SP_QUAL,0,50;CU_TYPE "CU_TYPE" true true false 50 Text 0 0,First,#,D:\F\Crm2303_CU_Updates\Projects\SalmonCU\Topo.gdb\cus\Chinook_Salmon_CU_Boundary_En_2021_topo,CU_TYPE,0,50;Shape_Length "Shape_Length" false true true 8 Double 0 0,First,#,D:\F\Crm2303_CU_Updates\Projects\SalmonCU\Topo.gdb\cus\Chinook_Salmon_CU_Boundary_En_2021_topo,Shape_Length,-1,-1;Shape_Area "Shape_Area" false true true 8 Double 0 0,First,#,D:\F\Crm2303_CU_Updates\Projects\SalmonCU\Topo.gdb\cus\Chinook_Salmon_CU_Boundary_En_2021_topo,Shape_Area,-1,-1" #</Process><Process ToolSource="c:\program files\arcgis\pro\Resources\ArcToolbox\toolboxes\Data Management Tools.tbx\CopyFeatures" Date="20210415" Time="093953">CopyFeatures D:\F\Crm2303_CU_Updates\Deliverables\20210407_UpdatedDeliverable\UpdatedDeliverable_2021.gdb\Chinook_Salmon_CU_Boundary_En_2021 D:\F\Crm2303_CU_Updates\Deliverables\20210407_UpdatedDeliverable\CU_SHAPEFILES\Chinook_Salmon_CU_Boundary_En_2021.shp # # # #</Process></lineage><itemProps><itemLocation><linkage Sync="TRUE">file://\\CRMLTD36\F\Crm2303_CU_Updates\Deliverables\20210407_UpdatedDeliverable\CU_SHAPEFILES\Chinook_Salmon_CU_Boundary_En_2021.shp</linkage><protocol Sync="TRUE">Local Area Network</protocol></itemLocation><itemName Sync="TRUE">Chinook_Salmon_CU_Boundary_En_2021</itemName><imsContentType Sync="TRUE">002</imsContentType><itemSize Sync="TRUE">0.000</itemSize></itemProps><coordRef><type Sync="TRUE">Geographic</type><geogcsn Sync="TRUE">GCS_North_American_1983</geogcsn><csUnits Sync="TRUE">Angular Unit: Degree (0.017453)</csUnits><peXml Sync="TRUE">&lt;GeographicCoordinateSystem xsi:type='typens:GeographicCoordinateSystem' xmlns:xsi='http://www.w3.org/2001/XMLSchema-instance' xmlns:xs='http://www.w3.org/2001/XMLSchema' xmlns:typens='http://www.esri.com/schemas/ArcGIS/2.7.0'&gt;&lt;WKT&gt;GEOGCS[&amp;quot;GCS_North_American_1983&amp;quot;,DATUM[&amp;quot;D_North_American_1983&amp;quot;,SPHEROID[&amp;quot;GRS_1980&amp;quot;,6378137.0,298.257222101]],PRIMEM[&amp;quot;Greenwich&amp;quot;,0.0],UNIT[&amp;quot;Degree&amp;quot;,0.0174532925199433],AUTHORITY[&amp;quot;EPSG&amp;quot;,4269]]&lt;/WKT&gt;&lt;XOrigin&gt;-400&lt;/XOrigin&gt;&lt;YOrigin&gt;-400&lt;/YOrigin&gt;&lt;XYScale&gt;11258999068426.238&lt;/XYScale&gt;&lt;ZOrigin&gt;-100000&lt;/ZOrigin&gt;&lt;ZScale&gt;10000&lt;/ZScale&gt;&lt;MOrigin&gt;-100000&lt;/MOrigin&gt;&lt;MScale&gt;10000&lt;/MScale&gt;&lt;XYTolerance&gt;8.9831528411952133e-09&lt;/XYTolerance&gt;&lt;ZTolerance&gt;0.001&lt;/ZTolerance&gt;&lt;MTolerance&gt;0.001&lt;/MTolerance&gt;&lt;HighPrecision&gt;true&lt;/HighPrecision&gt;&lt;LeftLongitude&gt;-180&lt;/LeftLongitude&gt;&lt;WKID&gt;4269&lt;/WKID&gt;&lt;LatestWKID&gt;4269&lt;/LatestWKID&gt;&lt;/GeographicCoordinateSystem&gt;</peXml></coordRef></DataProperties><SyncDate>20210415</SyncDate><SyncTime>09395300</SyncTime><ModDate>20210415</ModDate><ModTime>09395300</ModTime></Esri><dataIdInfo><envirDesc Sync="TRUE">Microsoft Windows 10 Version 10.0 (Build 19041) ; Esri ArcGIS 12.7.3.26828</envirDesc><dataLang><languageCode value="eng" Sync="TRUE"></languageCode><countryCode value="CAN" Sync="TRUE"></countryCode></dataLang><idCitation><resTitle Sync="TRUE">Chinook_Salmon_CU_Boundary_En_2021</resTitle><presForm><PresFormCd value="005" Sync="TRUE"></PresFormCd></presForm></idCitation><spatRpType><SpatRepTypCd value="001" Sync="TRUE"></SpatRepTypCd></spatRpType></dataIdInfo><mdLang><languageCode value="eng" Sync="TRUE"></languageCode><countryCode value="CAN" Sync="TRUE"></countryCode></mdLang><distInfo><distFormat><formatName Sync="TRUE">Shapefile</formatName></distFormat><distTranOps><transSize Sync="TRUE">0.000</transSize></distTranOps></distInfo><mdHrLv><ScopeCd value="005" Sync="TRUE"></ScopeCd></mdHrLv><mdHrLvName Sync="TRUE">dataset</mdHrLvName><refSysInfo><RefSystem><refSysID><identCode code="4269" Sync="TRUE"></identCode><idCodeSpace Sync="TRUE">EPSG</idCodeSpace><idVersion Sync="TRUE">6.5(3.0.1)</idVersion></refSysID></RefSystem></refSysInfo><spatRepInfo><VectSpatRep><geometObjs Name="Chinook_Salmon_CU_Boundary_En_2021"><geoObjTyp><GeoObjTypCd value="002" Sync="TRUE"></GeoObjTypCd></geoObjTyp><geoObjCnt Sync="TRUE">0</geoObjCnt></geometObjs><topLvl><TopoLevCd value="001" Sync="TRUE"></TopoLevCd></topLvl></VectSpatRep></spatRepInfo><spdoinfo><ptvctinf><esriterm Name="Chinook_Salmon_CU_Boundary_En_2021"><efeatyp Sync="TRUE">Simple</efeatyp><efeageom code="4" Sync="TRUE"></efeageom><esritopo Sync="TRUE">FALSE</esritopo><efeacnt Sync="TRUE">0</efeacnt><spindex Sync="TRUE">FALSE</spindex><linrefer Sync="TRUE">FALSE</linrefer></esriterm></ptvctinf></spdoinfo><eainfo><detailed Name="Chinook_Salmon_CU_Boundary_En_2021"><enttyp><enttypl Sync="TRUE">Chinook_Salmon_CU_Boundary_En_2021</enttypl><enttypt Sync="TRUE">Feature Class</enttypt><enttypc Sync="TRUE">0</enttypc></enttyp><attr><attrlabl Sync="TRUE">FID</attrlabl><attalias Sync="TRUE">FID</attalias><attrtype Sync="TRUE">OID</attrtype><attwidth Sync="TRUE">4</attwidth><atprecis Sync="TRUE">0</atprecis><attscale Sync="TRUE">0</attscale><attrdef Sync="TRUE">Internal feature number.</attrdef><attrdefs Sync="TRUE">Esri</attrdefs><attrdomv><udom Sync="TRUE">Sequential unique whole numbers that are automatically generated.</udom></attrdomv></attr><attr><attrlabl Sync="TRUE">Shape</attrlabl><attalias Sync="TRUE">Shape</attalias><attrtype Sync="TRUE">Geometry</attrtype><attwidth Sync="TRUE">0</attwidth><atprecis Sync="TRUE">0</atprecis><attscale Sync="TRUE">0</attscale><attrdef Sync="TRUE">Feature geometry.</attrdef><attrdefs Sync="TRUE">Esri</attrdefs><attrdomv><udom Sync="TRUE">Coordinates defining the features.</udom></attrdomv></attr><attr><attrlabl Sync="TRUE">CU_NAME</attrlabl><attalias Sync="TRUE">CU_NAME</attalias><attrtype Sync="TRUE">String</attrtype><attwidth Sync="TRUE">254</attwidth><atprecis Sync="TRUE">0</atprecis><attscale Sync="TRUE">0</attscale></attr><attr><attrlabl Sync="TRUE">FULL_CU_IN</attrlabl><attalias Sync="TRUE">FULL_CU_IN</attalias><attrtype Sync="TRUE">String</attrtype><attwidth Sync="TRUE">50</attwidth><atprecis Sync="TRUE">0</atprecis><attscale Sync="TRUE">0</attscale></attr><attr><attrlabl Sync="TRUE">SP_QUAL</attrlabl><attalias Sync="TRUE">SP_QUAL</attalias><attrtype Sync="TRUE">String</attrtype><attwidth Sync="TRUE">50</attwidth><atprecis Sync="TRUE">0</atprecis><attscale Sync="TRUE">0</attscale></attr><attr><attrlabl Sync="TRUE">CU_TYPE</attrlabl><attalias Sync="TRUE">CU_TYPE</attalias><attrtype Sync="TRUE">String</attrtype><attwidth Sync="TRUE">50</attwidth><atprecis Sync="TRUE">0</atprecis><attscale Sync="TRUE">0</attscale></attr><attr><attrlabl Sync="TRUE">Shape_Leng</attrlabl><attalias Sync="TRUE">Shape_Leng</attalias><attrtype Sync="TRUE">Double</attrtype><attwidth Sync="TRUE">19</attwidth><atprecis Sync="TRUE">0</atprecis><attscale Sync="TRUE">0</attscale></attr><attr><attrlabl Sync="TRUE">Shape_Area</attrlabl><attalias Sync="TRUE">Shape_Area</attalias><attrtype Sync="TRUE">Double</attrtype><attwidth Sync="TRUE">19</attwidth><atprecis Sync="TRUE">0</atprecis><attscale Sync="TRUE">0</attscale><attrdef Sync="TRUE">Area of feature in internal units squared.</attrdef><attrdefs Sync="TRUE">Esri</attrdefs><attrdomv><udom Sync="TRUE">Positive real numbers that are automatically generated.</udom></attrdomv></attr></detailed></eainfo><mdDateSt Sync="TRUE">20210415</mdDateSt></metadata>
