<metadata xml:lang="en"><Esri><CreaDate>20211008</CreaDate><CreaTime>13111500</CreaTime><ArcGISFormat>1.0</ArcGISFormat><SyncOnce>FALSE</SyncOnce><DataProperties><lineage><Process ToolSource="c:\program files\arcgis\pro\Resources\ArcToolbox\Toolboxes\Data Management Tools.tbx\CreateFeatureclass" Date="20210618" Time="155231">CreateFeatureclass D:\F\Crm2303_CU_Updates\Projects\SalmonCU\WSP_Status.gdb CU_STATUS_PT_SHP_Fr Point # No No "GEOGCS["GCS_North_American_1983",DATUM["D_North_American_1983",SPHEROID["GRS_1980",6378137.0,298.257222101]],PRIMEM["Greenwich",0.0],UNIT["Degree",0.0174532925199433]];-400 -400 1000000000;-100000 10000;-100000 10000;8.98315284119521E-09;0.001;0.001;IsHighPrecision" # # # # #</Process><Process ToolSource="c:\program files\arcgis\pro\Resources\ArcToolbox\Toolboxes\Data Management Tools.tbx\UpdateSchema" Date="20210618" Time="155232">UpdateSchema D:\F\Crm2303_CU_Updates\Projects\SalmonCU\WSP_Status.gdb\CU_STATUS_PT_SHP_Fr &lt;operationSequence&gt;&lt;workflow&gt;&lt;AddField&gt;&lt;field_name&gt;NOM_UC&lt;/field_name&gt;&lt;field_type&gt;TEXT&lt;/field_type&gt;&lt;field_alias&gt;NOM_UC&lt;/field_alias&gt;&lt;field_is_nullable&gt;TRUE&lt;/field_is_nullable&gt;&lt;field_length&gt;254&lt;/field_length&gt;&lt;/AddField&gt;&lt;/workflow&gt;&lt;workflow&gt;&lt;AddField&gt;&lt;field_name&gt;INDICE_UC&lt;/field_name&gt;&lt;field_type&gt;TEXT&lt;/field_type&gt;&lt;field_alias&gt;INDICE_UC&lt;/field_alias&gt;&lt;field_is_nullable&gt;TRUE&lt;/field_is_nullable&gt;&lt;field_length&gt;254&lt;/field_length&gt;&lt;/AddField&gt;&lt;/workflow&gt;&lt;workflow&gt;&lt;AddField&gt;&lt;field_name&gt;SP_QUAL&lt;/field_name&gt;&lt;field_type&gt;TEXT&lt;/field_type&gt;&lt;field_alias&gt;SP_QUAL&lt;/field_alias&gt;&lt;field_is_nullable&gt;TRUE&lt;/field_is_nullable&gt;&lt;field_length&gt;254&lt;/field_length&gt;&lt;/AddField&gt;&lt;/workflow&gt;&lt;workflow&gt;&lt;AddField&gt;&lt;field_name&gt;TYPE_UC&lt;/field_name&gt;&lt;field_type&gt;TEXT&lt;/field_type&gt;&lt;field_alias&gt;TYPE_UC&lt;/field_alias&gt;&lt;field_is_nullable&gt;TRUE&lt;/field_is_nullable&gt;&lt;field_length&gt;254&lt;/field_length&gt;&lt;/AddField&gt;&lt;/workflow&gt;&lt;workflow&gt;&lt;AddField&gt;&lt;field_name&gt;ÉTAT_PSS&lt;/field_name&gt;&lt;field_type&gt;TEXT&lt;/field_type&gt;&lt;field_alias&gt;ÉTAT_PSS&lt;/field_alias&gt;&lt;field_is_nullable&gt;TRUE&lt;/field_is_nullable&gt;&lt;field_length&gt;254&lt;/field_length&gt;&lt;/AddField&gt;&lt;/workflow&gt;&lt;/operationSequence&gt;</Process><Process ToolSource="c:\program files\arcgis\pro\Resources\ArcToolbox\Toolboxes\Data Management Tools.tbx\UpdateSchema" Date="20210618" Time="155234">UpdateSchema D:\F\Crm2303_CU_Updates\Projects\SalmonCU\WSP_Status.gdb\CU_STATUS_PT_SHP_Fr &lt;operationSequence&gt;&lt;workflow&gt;&lt;AlterField&gt;&lt;field_name&gt;OBJECTID&lt;/field_name&gt;&lt;field_alias&gt;OBJECTID&lt;/field_alias&gt;&lt;/AlterField&gt;&lt;/workflow&gt;&lt;workflow&gt;&lt;AlterField&gt;&lt;field_name&gt;SHAPE&lt;/field_name&gt;&lt;field_alias&gt;SHAPE&lt;/field_alias&gt;&lt;/AlterField&gt;&lt;/workflow&gt;&lt;/operationSequence&gt;</Process><Process ToolSource="c:\program files\arcgis\pro\Resources\ArcToolbox\toolboxes\Data Management Tools.tbx\Append" Date="20210621" Time="082417">Append CU_STATUS_PT_SHP CU_STATUS_PT_SHP_Fr "Use the field map to reconcile field differences" "NOM_UC "NOM_UC" true true false 254 Text 0 0,First,#,CU_STATUS_PT_SHP,CU_NAME,0,254;INDICE_UC "INDICE_UC" true true false 254 Text 0 0,First,#,CU_STATUS_PT_SHP,FULL_CU_IN,0,254;SP_QUAL "SP_QUAL" true true false 254 Text 0 0,First,#,D:\F\Crm2303_CU_Updates\Projects\SalmonCU\WSP_Status.gdb\CU_STATUS_PT_SHP,SP_QUAL,0,254;TYPE_UC "TYPE_UC" true true false 254 Text 0 0,First,#,CU_STATUS_PT_SHP,CU_TYPE,0,254;ÉTAT_PSS "ÉTAT_PSS" true true false 254 Text 0 0,First,#,CU_STATUS_PT_SHP,WSP_STATUS,0,254" # #</Process><Process ToolSource="c:\program files\arcgis\pro\Resources\ArcToolbox\toolboxes\Analysis Tools.tbx\Select" Date="20210621" Time="103603">Select CU_STATUS_PT_SHP_Fr D:\F\Crm2303_CU_Updates\Deliverables\20210621_UpdatedDeliverable\SER.shp " "SP_QUAL" = 'SER' "</Process><Process ToolSource="c:\program files\arcgis\pro\Resources\ArcToolbox\toolboxes\Data Management Tools.tbx\Copy" Date="20210621" Time="103956">Copy D:\F\Crm2303_CU_Updates\Deliverables\20210621_UpdatedDeliverable\SER_STATUS_Fr.shp D:\F\Crm2303_CU_Updates\Deliverables\20210621_UpdatedDeliverable\CU_SHAPEFILES\SER_EXTERNAL_SHAPEFILES\SER_STATUS_Fr.shp Shapefile #</Process><Process ToolSource="c:\program files\arcgis\pro\Resources\ArcToolbox\toolboxes\Data Management Tools.tbx\Merge" Date="20211005" Time="151928">Merge SER_STATUS_Fr;SEL_STATUS_Fr;PKO_STATUS_Fr;PKE_STATUS_Fr;CK_STATUS_Fr;CO_STATUS_Fr D:\F\Crm2303_CU_Updates\Projects\SalmonCU\CU_Review.gdb\STATUS_Fr_Merge "NOM_UC "NOM_UC" true true false 254 Text 0 0,First,#,SER_STATUS_Fr,NOM_UC,0,254,SEL_STATUS_Fr,NOM_UC,0,254,PKO_STATUS_Fr,NOM_UC,0,254,PKE_STATUS_Fr,NOM_UC,0,254,CK_STATUS_Fr,NOM_UC,0,254,CO_STATUS_Fr,NOM_UC,0,254;INDICE_UC "INDICE_UC" true true false 254 Text 0 0,First,#,SER_STATUS_Fr,INDICE_UC,0,254,SEL_STATUS_Fr,INDICE_UC,0,254,PKO_STATUS_Fr,INDICE_UC,0,254,PKE_STATUS_Fr,INDICE_UC,0,254,CK_STATUS_Fr,INDICE_UC,0,254,CO_STATUS_Fr,INDICE_UC,0,254;SP_QUAL "SP_QUAL" true true false 254 Text 0 0,First,#,SER_STATUS_Fr,SP_QUAL,0,254,SEL_STATUS_Fr,SP_QUAL,0,254,PKO_STATUS_Fr,SP_QUAL,0,254,PKE_STATUS_Fr,SP_QUAL,0,254,CK_STATUS_Fr,SP_QUAL,0,254,CO_STATUS_Fr,SP_QUAL,0,254;TYPE_UC "TYPE_UC" true true false 254 Text 0 0,First,#,SER_STATUS_Fr,TYPE_UC,0,254,SEL_STATUS_Fr,TYPE_UC,0,254,PKO_STATUS_Fr,TYPE_UC,0,254,PKE_STATUS_Fr,TYPE_UC,0,254,CK_STATUS_Fr,TYPE_UC,0,254,CO_STATUS_Fr,TYPE_UC,0,254;ÉTAT_PSS "ÉTAT_PSS" true true false 254 Text 0 0,First,#,SER_STATUS_Fr,ÉTAT_PSS,0,254,SEL_STATUS_Fr,ÉTAT_PSS,0,254,PKO_STATUS_Fr,ÉTAT_PSS,0,254,PKE_STATUS_Fr,ÉTAT_PSS,0,254,CK_STATUS_Fr,ÉTAT_PSS,0,254,CO_STATUS_Fr,ÉTAT_PSS,0,254" NO_SOURCE_INFO</Process><Process ToolSource="c:\program files\arcgis\pro\Resources\ArcToolbox\toolboxes\Data Management Tools.tbx\UpdateSchema" Date="20211005" Time="152150">UpdateSchema "CIMDATA=&lt;CIMStandardDataConnection xsi:type='typens:CIMStandardDataConnection' xmlns:xsi='http://www.w3.org/2001/XMLSchema-instance' xmlns:xs='http://www.w3.org/2001/XMLSchema' xmlns:typens='http://www.esri.com/schemas/ArcGIS/2.8.0'&gt;&lt;WorkspaceConnectionString&gt;DATABASE=D:\F\Crm2303_CU_Updates\Projects\SalmonCU\CU_Review.gdb&lt;/WorkspaceConnectionString&gt;&lt;WorkspaceFactory&gt;FileGDB&lt;/WorkspaceFactory&gt;&lt;Dataset&gt;STATUS_Fr_Merge&lt;/Dataset&gt;&lt;DatasetType&gt;esriDTFeatureClass&lt;/DatasetType&gt;&lt;/CIMStandardDataConnection&gt;" &lt;operationSequence&gt;&lt;workflow&gt;&lt;AddField&gt;&lt;field_name&gt;LAT_UC&lt;/field_name&gt;&lt;field_type&gt;DOUBLE&lt;/field_type&gt;&lt;field_alias&gt;LAT_UC&lt;/field_alias&gt;&lt;field_is_nullable&gt;True&lt;/field_is_nullable&gt;&lt;field_is_required&gt;False&lt;/field_is_required&gt;&lt;/AddField&gt;&lt;/workflow&gt;&lt;workflow&gt;&lt;AddField&gt;&lt;field_name&gt;LONG_UC&lt;/field_name&gt;&lt;field_type&gt;DOUBLE&lt;/field_type&gt;&lt;field_alias&gt;LONG_UC&lt;/field_alias&gt;&lt;field_is_nullable&gt;True&lt;/field_is_nullable&gt;&lt;field_is_required&gt;False&lt;/field_is_required&gt;&lt;/AddField&gt;&lt;/workflow&gt;&lt;/operationSequence&gt;</Process><Process ToolSource="c:\program files\arcgis\pro\Resources\ArcToolbox\toolboxes\Analysis Tools.tbx\Select" Date="20211006" Time="111606">Select STATUS_Fr_Merge D:\F\Crm2303_CU_Updates\Projects\SalmonCU\CU_Review.gdb\CO " "SP_QUAL" = 'CO' "</Process><Process ToolSource="c:\program files\arcgis\pro\Resources\ArcToolbox\toolboxes\Data Management Tools.tbx\CopyFeatures" Date="20211006" Time="111705">CopyFeatures D:\F\Crm2303_CU_Updates\Projects\SalmonCU\CU_Review.gdb\CO D:\F\Crm2303_CU_Updates\Deliverables\20211006_UpdatedDeliverable\TempStatus\CO.shp # # # #</Process><Process Name="Project" ToolSource="c:\program files\arcgis\pro\Resources\ArcToolbox\toolboxes\Data Management Tools.tbx\Project" Date="20211008" Time="131115">Project D:\F\Crm2303_CU_Updates\Deliverables\20211008_UpdatedDeliverable\CU_SHAPEFILES\Coho_Salmon_CU_Shape\Coho_Salmon_CU_Status\CO_CU_STATUS_Fr.shp D:\F\Crm2303_CU_Updates\Projects\SalmonCU\CU_Review.gdb\CO_CU_STATUS_Fr_Proj GEOGCS["GCS_North_American_1983",DATUM["D_North_American_1983",SPHEROID["GRS_1980",6378137.0,298.257222101]],PRIMEM["Greenwich",0.0],UNIT["Degree",0.0174532925199433]] # PROJCS["NAD_1983_BC_Environment_Albers",GEOGCS["GCS_North_American_1983",DATUM["D_North_American_1983",SPHEROID["GRS_1980",6378137.0,298.257222101]],PRIMEM["Greenwich",0.0],UNIT["Degree",0.0174532925199433]],PROJECTION["Albers"],PARAMETER["False_Easting",1000000.0],PARAMETER["False_Northing",0.0],PARAMETER["Central_Meridian",-126.0],PARAMETER["Standard_Parallel_1",50.0],PARAMETER["Standard_Parallel_2",58.5],PARAMETER["Latitude_Of_Origin",45.0],UNIT["Meter",1.0]] NO_PRESERVE_SHAPE # NO_VERTICAL</Process><Process ToolSource="c:\program files\arcgis\pro\Resources\ArcToolbox\toolboxes\Data Management Tools.tbx\CopyFeatures" Date="20211008" Time="131242">CopyFeatures D:\F\Crm2303_CU_Updates\Projects\SalmonCU\CU_Review.gdb\CO_CU_STATUS_Fr_Proj D:\F\Crm2303_CU_Updates\Deliverables\20211008_UpdatedDeliverable\CU_SHAPEFILES\CO_CU_STATUS_Fr_Proj.shp # # # #</Process></lineage><itemProps><itemName Sync="TRUE">CO_CU_STATUS_Fr_Proj</itemName><imsContentType Sync="TRUE">002</imsContentType><itemSize Sync="TRUE">0.000</itemSize><itemLocation><linkage Sync="TRUE">file://\\CRMLTD36\F\Crm2303_CU_Updates\Deliverables\20211008_UpdatedDeliverable\CU_SHAPEFILES\CO_CU_STATUS_Fr_Proj.shp</linkage><protocol Sync="TRUE">Local Area Network</protocol></itemLocation></itemProps><coordRef><type Sync="TRUE">Geographic</type><geogcsn Sync="TRUE">GCS_North_American_1983</geogcsn><csUnits Sync="TRUE">Angular Unit: Degree (0.017453)</csUnits><peXml Sync="TRUE">&lt;GeographicCoordinateSystem xsi:type='typens:GeographicCoordinateSystem' xmlns:xsi='http://www.w3.org/2001/XMLSchema-instance' xmlns:xs='http://www.w3.org/2001/XMLSchema' xmlns:typens='http://www.esri.com/schemas/ArcGIS/2.8.0'&gt;&lt;WKT&gt;GEOGCS[&amp;quot;GCS_North_American_1983&amp;quot;,DATUM[&amp;quot;D_North_American_1983&amp;quot;,SPHEROID[&amp;quot;GRS_1980&amp;quot;,6378137.0,298.257222101]],PRIMEM[&amp;quot;Greenwich&amp;quot;,0.0],UNIT[&amp;quot;Degree&amp;quot;,0.0174532925199433],AUTHORITY[&amp;quot;EPSG&amp;quot;,4269]]&lt;/WKT&gt;&lt;XOrigin&gt;-400&lt;/XOrigin&gt;&lt;YOrigin&gt;-400&lt;/YOrigin&gt;&lt;XYScale&gt;11258999068426.238&lt;/XYScale&gt;&lt;ZOrigin&gt;-100000&lt;/ZOrigin&gt;&lt;ZScale&gt;10000&lt;/ZScale&gt;&lt;MOrigin&gt;-100000&lt;/MOrigin&gt;&lt;MScale&gt;10000&lt;/MScale&gt;&lt;XYTolerance&gt;8.983152841195215e-09&lt;/XYTolerance&gt;&lt;ZTolerance&gt;0.001&lt;/ZTolerance&gt;&lt;MTolerance&gt;0.001&lt;/MTolerance&gt;&lt;HighPrecision&gt;true&lt;/HighPrecision&gt;&lt;LeftLongitude&gt;-180&lt;/LeftLongitude&gt;&lt;WKID&gt;4269&lt;/WKID&gt;&lt;LatestWKID&gt;4269&lt;/LatestWKID&gt;&lt;/GeographicCoordinateSystem&gt;</peXml></coordRef><copyHistory><copy source="D:\F\Crm2303_CU_Updates\Deliverables\20210621_UpdatedDeliverable\SER_STATUS_Fr" dest="\\CRMLTD36\F\Crm2303_CU_Updates\Deliverables\20210621_UpdatedDeliverable\CU_SHAPEFILES\SER_EXTERNAL_SHAPEFILES\SER_STATUS_Fr" date="20210621" time="10395600"></copy></copyHistory></DataProperties><SyncDate>20211008</SyncDate><SyncTime>13124200</SyncTime><ModDate>20211008</ModDate><ModTime>13124200</ModTime></Esri><dataIdInfo><envirDesc Sync="TRUE">Microsoft Windows 10 Version 10.0 (Build 19043) ; Esri ArcGIS 12.8.3.29751</envirDesc><dataLang><languageCode value="eng" Sync="TRUE"></languageCode><countryCode value="CAN" Sync="TRUE"></countryCode></dataLang><idCitation><resTitle Sync="TRUE">CO_CU_STATUS_Fr_Proj</resTitle><presForm><PresFormCd value="005" Sync="TRUE"></PresFormCd></presForm></idCitation><spatRpType><SpatRepTypCd value="001" Sync="TRUE"></SpatRepTypCd></spatRpType></dataIdInfo><mdLang><languageCode value="eng" Sync="TRUE"></languageCode><countryCode value="CAN" Sync="TRUE"></countryCode></mdLang><distInfo><distFormat><formatName Sync="TRUE">Shapefile</formatName></distFormat><distTranOps><transSize Sync="TRUE">0.000</transSize></distTranOps></distInfo><mdHrLv><ScopeCd value="005" Sync="TRUE"></ScopeCd></mdHrLv><mdHrLvName Sync="TRUE">dataset</mdHrLvName><refSysInfo><RefSystem><refSysID><identCode code="4269" Sync="TRUE"></identCode><idCodeSpace Sync="TRUE">EPSG</idCodeSpace><idVersion Sync="TRUE">6.5(3.0.1)</idVersion></refSysID></RefSystem></refSysInfo><spatRepInfo><VectSpatRep><geometObjs Name="CO_CU_STATUS_Fr_Proj"><geoObjTyp><GeoObjTypCd value="004" Sync="TRUE"></GeoObjTypCd></geoObjTyp><geoObjCnt Sync="TRUE">0</geoObjCnt></geometObjs><topLvl><TopoLevCd value="001" Sync="TRUE"></TopoLevCd></topLvl></VectSpatRep></spatRepInfo><spdoinfo><ptvctinf><esriterm Name="CO_CU_STATUS_Fr_Proj"><efeatyp Sync="TRUE">Simple</efeatyp><efeageom code="1" Sync="TRUE"></efeageom><esritopo Sync="TRUE">FALSE</esritopo><efeacnt Sync="TRUE">0</efeacnt><spindex Sync="TRUE">FALSE</spindex><linrefer Sync="TRUE">FALSE</linrefer></esriterm></ptvctinf></spdoinfo><eainfo><detailed Name="CO_CU_STATUS_Fr_Proj"><enttyp><enttypl Sync="TRUE">CO_CU_STATUS_Fr_Proj</enttypl><enttypt Sync="TRUE">Feature Class</enttypt><enttypc Sync="TRUE">0</enttypc></enttyp><attr><attrlabl Sync="TRUE">FID</attrlabl><attalias Sync="TRUE">FID</attalias><attrtype Sync="TRUE">OID</attrtype><attwidth Sync="TRUE">4</attwidth><atprecis Sync="TRUE">0</atprecis><attscale Sync="TRUE">0</attscale><attrdef Sync="TRUE">Internal feature number.</attrdef><attrdefs Sync="TRUE">Esri</attrdefs><attrdomv><udom Sync="TRUE">Sequential unique whole numbers that are automatically generated.</udom></attrdomv></attr><attr><attrlabl Sync="TRUE">Shape</attrlabl><attalias Sync="TRUE">Shape</attalias><attrtype Sync="TRUE">Geometry</attrtype><attwidth Sync="TRUE">0</attwidth><atprecis Sync="TRUE">0</atprecis><attscale Sync="TRUE">0</attscale><attrdef Sync="TRUE">Feature geometry.</attrdef><attrdefs Sync="TRUE">Esri</attrdefs><attrdomv><udom Sync="TRUE">Coordinates defining the features.</udom></attrdomv></attr><attr><attrlabl Sync="TRUE">NOM_UC</attrlabl><attalias Sync="TRUE">NOM_UC</attalias><attrtype Sync="TRUE">String</attrtype><attwidth Sync="TRUE">254</attwidth><atprecis Sync="TRUE">0</atprecis><attscale Sync="TRUE">0</attscale></attr><attr><attrlabl Sync="TRUE">INDICE_UC</attrlabl><attalias Sync="TRUE">INDICE_UC</attalias><attrtype Sync="TRUE">String</attrtype><attwidth Sync="TRUE">254</attwidth><atprecis Sync="TRUE">0</atprecis><attscale Sync="TRUE">0</attscale></attr><attr><attrlabl Sync="TRUE">SP_QUAL</attrlabl><attalias Sync="TRUE">SP_QUAL</attalias><attrtype Sync="TRUE">String</attrtype><attwidth Sync="TRUE">254</attwidth><atprecis Sync="TRUE">0</atprecis><attscale Sync="TRUE">0</attscale></attr><attr><attrlabl Sync="TRUE">TYPE_UC</attrlabl><attalias Sync="TRUE">TYPE_UC</attalias><attrtype Sync="TRUE">String</attrtype><attwidth Sync="TRUE">254</attwidth><atprecis Sync="TRUE">0</atprecis><attscale Sync="TRUE">0</attscale></attr><attr><attrlabl Sync="TRUE">ÉTAT_PSS</attrlabl><attalias Sync="TRUE">ÉTAT_PSS</attalias><attrtype Sync="TRUE">String</attrtype><attwidth Sync="TRUE">254</attwidth><atprecis Sync="TRUE">0</atprecis><attscale Sync="TRUE">0</attscale></attr><attr><attrlabl Sync="TRUE">LAT_UC</attrlabl><attalias Sync="TRUE">LAT_UC</attalias><attrtype Sync="TRUE">Double</attrtype><attwidth Sync="TRUE">19</attwidth><atprecis Sync="TRUE">0</atprecis><attscale Sync="TRUE">0</attscale></attr><attr><attrlabl Sync="TRUE">LONG_UC</attrlabl><attalias Sync="TRUE">LONG_UC</attalias><attrtype Sync="TRUE">Double</attrtype><attwidth Sync="TRUE">19</attwidth><atprecis Sync="TRUE">0</atprecis><attscale Sync="TRUE">0</attscale></attr></detailed></eainfo><mdDateSt Sync="TRUE">20211008</mdDateSt></metadata>
