<?xml version="1.0" encoding="UTF-8"?>
<metadata xml:lang="en"><Esri><CreaDate>20201005</CreaDate><CreaTime>23115600</CreaTime><ArcGISFormat>1.0</ArcGISFormat><ArcGISstyle>North American Profile of ISO19115 2003</ArcGISstyle><SyncOnce>FALSE</SyncOnce><DataProperties><itemProps><itemName Sync="TRUE">output_spwn_lines</itemName><imsContentType Sync="TRUE">002</imsContentType><itemLocation><linkage Sync="TRUE">file://\\PSF-LAP05\D$\GISDATA\HabitatAssessments\Analysis\SpawningZOIs\2019NovUpdate_v2\fraser_expert_stats.mdb</linkage><protocol Sync="TRUE">Local Area Network</protocol></itemLocation></itemProps><coordRef><type Sync="TRUE">Projected</type><geogcsn Sync="TRUE">GCS_North_American_1983</geogcsn><csUnits Sync="TRUE">Linear Unit: Meter (1.000000)</csUnits><projcsn Sync="TRUE">NAD_1983_BC_Environment_Albers</projcsn><peXml Sync="TRUE">&lt;ProjectedCoordinateSystem xsi:type='typens:ProjectedCoordinateSystem' xmlns:xsi='http://www.w3.org/2001/XMLSchema-instance' xmlns:xs='http://www.w3.org/2001/XMLSchema' xmlns:typens='http://www.esri.com/schemas/ArcGIS/10.5'&gt;&lt;WKT&gt;PROJCS[&amp;quot;NAD_1983_BC_Environment_Albers&amp;quot;,GEOGCS[&amp;quot;GCS_North_American_1983&amp;quot;,DATUM[&amp;quot;D_North_American_1983&amp;quot;,SPHEROID[&amp;quot;GRS_1980&amp;quot;,6378137.0,298.257222101]],PRIMEM[&amp;quot;Greenwich&amp;quot;,0.0],UNIT[&amp;quot;Degree&amp;quot;,0.0174532925199433]],PROJECTION[&amp;quot;Albers&amp;quot;],PARAMETER[&amp;quot;False_Easting&amp;quot;,1000000.0],PARAMETER[&amp;quot;False_Northing&amp;quot;,0.0],PARAMETER[&amp;quot;Central_Meridian&amp;quot;,-126.0],PARAMETER[&amp;quot;Standard_Parallel_1&amp;quot;,50.0],PARAMETER[&amp;quot;Standard_Parallel_2&amp;quot;,58.5],PARAMETER[&amp;quot;Latitude_Of_Origin&amp;quot;,45.0],UNIT[&amp;quot;Meter&amp;quot;,1.0],AUTHORITY[&amp;quot;EPSG&amp;quot;,3005]]&lt;/WKT&gt;&lt;XOrigin&gt;-13239300&lt;/XOrigin&gt;&lt;YOrigin&gt;-8610100&lt;/YOrigin&gt;&lt;XYScale&gt;10000&lt;/XYScale&gt;&lt;ZOrigin&gt;-100000&lt;/ZOrigin&gt;&lt;ZScale&gt;10000&lt;/ZScale&gt;&lt;MOrigin&gt;-100000&lt;/MOrigin&gt;&lt;MScale&gt;10000&lt;/MScale&gt;&lt;XYTolerance&gt;0.001&lt;/XYTolerance&gt;&lt;ZTolerance&gt;0.001&lt;/ZTolerance&gt;&lt;MTolerance&gt;0.001&lt;/MTolerance&gt;&lt;HighPrecision&gt;true&lt;/HighPrecision&gt;&lt;WKID&gt;102190&lt;/WKID&gt;&lt;LatestWKID&gt;3005&lt;/LatestWKID&gt;&lt;/ProjectedCoordinateSystem&gt;</peXml></coordRef><lineage><Process ToolSource="c:\program files (x86)\arcgis\desktop10.5\ArcToolbox\Toolboxes\Data Management Tools.tbx\Merge" Date="20191105" Time="023408">Merge 'FISS_HIS_Z_line fraser FISS spawning no display';'FISS_HIS_Z_line SCVI FISS spawning incl display' D:\GISDATA\HabitatAssessments\Analysis\SpawningZOIs\2019NovUpdate\ZOIupdateNov2019.gdb\FISS_HIS_Z_line_spawning "LOC_TYPE "LOC_TYPE" true true false 1 Text 0 0 ,First,#,FISS_HIS_Z_line fraser FISS spawning no display,LOC_TYPE,-1,-1,FISS_HIS_Z_line SCVI FISS spawning incl display,LOC_TYPE,-1,-1;NWWTRSHDCD "NWWTRSHDCD" true true false 56 Text 0 0 ,First,#,FISS_HIS_Z_line fraser FISS spawning no display,NWWTRSHDCD,-1,-1,FISS_HIS_Z_line SCVI FISS spawning incl display,NWWTRSHDCD,-1,-1;GZTTDNM "GZTTDNM" true true false 30 Text 0 0 ,First,#,FISS_HIS_Z_line fraser FISS spawning no display,GZTTDNM,-1,-1,FISS_HIS_Z_line SCVI FISS spawning incl display,GZTTDNM,-1,-1;PSTRMMPSHT "PSTRMMPSHT" true true false 8 Text 0 0 ,First,#,FISS_HIS_Z_line fraser FISS spawning no display,PSTRMMPSHT,-1,-1,FISS_HIS_Z_line SCVI FISS spawning incl display,PSTRMMPSHT,-1,-1;PSTRMPNTD "PSTRMPNTD" true true false 10 Long 0 10 ,First,#,FISS_HIS_Z_line fraser FISS spawning no display,PSTRMPNTD,-1,-1,FISS_HIS_Z_line SCVI FISS spawning incl display,PSTRMPNTD,-1,-1;DNSTRMMPSH "DNSTRMMPSH" true true false 8 Text 0 0 ,First,#,FISS_HIS_Z_line fraser FISS spawning no display,DNSTRMMPSH,-1,-1,FISS_HIS_Z_line SCVI FISS spawning incl display,DNSTRMMPSH,-1,-1;DNSTRMPNTD "DNSTRMPNTD" true true false 10 Long 0 10 ,First,#,FISS_HIS_Z_line fraser FISS spawning no display,DNSTRMPNTD,-1,-1,FISS_HIS_Z_line SCVI FISS spawning incl display,DNSTRMPNTD,-1,-1;SPCSCD "SPCSCD" true true false 6 Text 0 0 ,First,#,FISS_HIS_Z_line fraser FISS spawning no display,SPCSCD,-1,-1,FISS_HIS_Z_line SCVI FISS spawning incl display,SPCSCD,-1,-1;SPCSNM "SPCSNM" true true false 60 Text 0 0 ,First,#,FISS_HIS_Z_line fraser FISS spawning no display,SPCSNM,-1,-1,FISS_HIS_Z_line SCVI FISS spawning incl display,SPCSNM,-1,-1;STOCK_NAME "STOCK_NAME" true true false 25 Text 0 0 ,First,#,FISS_HIS_Z_line fraser FISS spawning no display,STOCK_NAME,-1,-1,FISS_HIS_Z_line SCVI FISS spawning incl display,STOCK_NAME,-1,-1;STOCK_CHAR "STOCK_CHAR" true true false 60 Text 0 0 ,First,#,FISS_HIS_Z_line fraser FISS spawning no display,STOCK_CHAR,-1,-1,FISS_HIS_Z_line SCVI FISS spawning incl display,STOCK_CHAR,-1,-1;STOCK_TYPE "STOCK_TYPE" true true false 60 Text 0 0 ,First,#,FISS_HIS_Z_line fraser FISS spawning no display,STOCK_TYPE,-1,-1,FISS_HIS_Z_line SCVI FISS spawning incl display,STOCK_TYPE,-1,-1;STCKMNGMNT "STCKMNGMNT" true true false 60 Text 0 0 ,First,#,FISS_HIS_Z_line fraser FISS spawning no display,STCKMNGMNT,-1,-1,FISS_HIS_Z_line SCVI FISS spawning incl display,STCKMNGMNT,-1,-1;CTVTCD "CTVTCD" true true false 6 Text 0 0 ,First,#,FISS_HIS_Z_line fraser FISS spawning no display,CTVTCD,-1,-1,FISS_HIS_Z_line SCVI FISS spawning incl display,CTVTCD,-1,-1;ACTIVITY "ACTIVITY" true true false 60 Text 0 0 ,First,#,FISS_HIS_Z_line fraser FISS spawning no display,ACTIVITY,-1,-1,FISS_HIS_Z_line SCVI FISS spawning incl display,ACTIVITY,-1,-1;COMMENTS "COMMENTS" true true false 254 Text 0 0 ,First,#,FISS_HIS_Z_line fraser FISS spawning no display,COMMENTS,-1,-1,FISS_HIS_Z_line SCVI FISS spawning incl display,COMMENTS,-1,-1;RFSNDDTS "RFSNDDTS" true true false 254 Text 0 0 ,First,#,FISS_HIS_Z_line fraser FISS spawning no display,RFSNDDTS,-1,-1,FISS_HIS_Z_line SCVI FISS spawning incl display,RFSNDDTS,-1,-1;ROUTE_ID "ROUTE_ID" true true false 10 Long 0 10 ,First,#,FISS_HIS_Z_line fraser FISS spawning no display,ROUTE_ID,-1,-1,FISS_HIS_Z_line SCVI FISS spawning incl display,ROUTE_ID,-1,-1;PSTRMRTMSR "PSTRMRTMSR" true true false 10 Long 0 10 ,First,#,FISS_HIS_Z_line fraser FISS spawning no display,PSTRMRTMSR,-1,-1,FISS_HIS_Z_line SCVI FISS spawning incl display,PSTRMRTMSR,-1,-1;DNSTRMRTMS "DNSTRMRTMS" true true false 10 Long 0 10 ,First,#,FISS_HIS_Z_line fraser FISS spawning no display,DNSTRMRTMS,-1,-1,FISS_HIS_Z_line SCVI FISS spawning incl display,DNSTRMRTMS,-1,-1;ZNLNGTH "ZNLNGTH" true true false 38 Double 0 38 ,First,#,FISS_HIS_Z_line fraser FISS spawning no display,ZNLNGTH,-1,-1,FISS_HIS_Z_line SCVI FISS spawning incl display,ZNLNGTH,-1,-1;THEME_NAME "THEME_NAME" true true false 11 Text 0 0 ,First,#,FISS_HIS_Z_line fraser FISS spawning no display,THEME_NAME,-1,-1,FISS_HIS_Z_line SCVI FISS spawning incl display,THEME_NAME,-1,-1;FEAT_LEN "FEAT_LEN" true true false 20 Double 4 19 ,First,#,FISS_HIS_Z_line fraser FISS spawning no display,FEAT_LEN,-1,-1,FISS_HIS_Z_line SCVI FISS spawning incl display,FEAT_LEN,-1,-1;OBJECTID "OBJECTID" true true false 38 Double 0 38 ,First,#,FISS_HIS_Z_line fraser FISS spawning no display,OBJECTID,-1,-1,FISS_HIS_Z_line SCVI FISS spawning incl display,OBJECTID,-1,-1"</Process><Process ToolSource="c:\program files (x86)\arcgis\desktop10.5\ArcToolbox\Toolboxes\Analysis Tools.tbx\Intersect" Date="20191105" Time="024353">Intersect "FISS_HIS_Z_line_spawning #;fwa_assessment_wsds_fraser_vimi #" D:\GISDATA\HabitatAssessments\Analysis\SpawningZOIs\2019NovUpdate\ZOIupdateNov2019.gdb\FISS_HIS_Z_line_spawning_int_wsd ALL # INPUT</Process><Process ToolSource="c:\program files (x86)\arcgis\desktop10.5\ArcToolbox\Toolboxes\Data Management Tools.tbx\Merge" Date="20191110" Time="120232">Merge 'New Group Layer\spwn_FISS_HIS_Z_line_spawning_int_wsd';'New Group Layer\spwn_add_spawning_lines_vimi_int_wsds';'New Group Layer\spwn_add_spawning_lines_fraser_int_wsds' D:\GISDATA\HabitatAssessments\Analysis\SpawningZOIs\2019NovUpdate_v2\WIP.mdb\output_spwn_lines "FID_FISS_HIS_Z_line_spawning "FID_FISS_HIS_Z_line_spawning" true true false 4 Long 0 0 ,First,#,New Group Layer\spwn_FISS_HIS_Z_line_spawning_int_wsd,FID_FISS_HIS_Z_line_spawning,-1,-1;LOC_TYPE "LOC_TYPE" true true false 1 Text 0 0 ,First,#,New Group Layer\spwn_FISS_HIS_Z_line_spawning_int_wsd,LOC_TYPE,-1,-1;NWWTRSHDCD "NWWTRSHDCD" true true false 56 Text 0 0 ,First,#,New Group Layer\spwn_FISS_HIS_Z_line_spawning_int_wsd,NWWTRSHDCD,-1,-1;GZTTDNM "GZTTDNM" true true false 30 Text 0 0 ,First,#,New Group Layer\spwn_FISS_HIS_Z_line_spawning_int_wsd,GZTTDNM,-1,-1;PSTRMMPSHT "PSTRMMPSHT" true true false 8 Text 0 0 ,First,#,New Group Layer\spwn_FISS_HIS_Z_line_spawning_int_wsd,PSTRMMPSHT,-1,-1;PSTRMPNTD "PSTRMPNTD" true true false 4 Long 0 0 ,First,#,New Group Layer\spwn_FISS_HIS_Z_line_spawning_int_wsd,PSTRMPNTD,-1,-1;DNSTRMMPSH "DNSTRMMPSH" true true false 8 Text 0 0 ,First,#,New Group Layer\spwn_FISS_HIS_Z_line_spawning_int_wsd,DNSTRMMPSH,-1,-1;DNSTRMPNTD "DNSTRMPNTD" true true false 4 Long 0 0 ,First,#,New Group Layer\spwn_FISS_HIS_Z_line_spawning_int_wsd,DNSTRMPNTD,-1,-1;SPCSCD "SPCSCD" true true false 6 Text 0 0 ,First,#,New Group Layer\spwn_FISS_HIS_Z_line_spawning_int_wsd,SPCSCD,-1,-1;SPCSNM "SPCSNM" true true false 60 Text 0 0 ,First,#,New Group Layer\spwn_FISS_HIS_Z_line_spawning_int_wsd,SPCSNM,-1,-1;STOCK_NAME "STOCK_NAME" true true false 25 Text 0 0 ,First,#,New Group Layer\spwn_FISS_HIS_Z_line_spawning_int_wsd,STOCK_NAME,-1,-1;STOCK_CHAR "STOCK_CHAR" true true false 60 Text 0 0 ,First,#,New Group Layer\spwn_FISS_HIS_Z_line_spawning_int_wsd,STOCK_CHAR,-1,-1;STOCK_TYPE "STOCK_TYPE" true true false 60 Text 0 0 ,First,#,New Group Layer\spwn_FISS_HIS_Z_line_spawning_int_wsd,STOCK_TYPE,-1,-1;STCKMNGMNT "STCKMNGMNT" true true false 60 Text 0 0 ,First,#,New Group Layer\spwn_FISS_HIS_Z_line_spawning_int_wsd,STCKMNGMNT,-1,-1;CTVTCD "CTVTCD" true true false 6 Text 0 0 ,First,#,New Group Layer\spwn_FISS_HIS_Z_line_spawning_int_wsd,CTVTCD,-1,-1;ACTIVITY "ACTIVITY" true true false 60 Text 0 0 ,First,#,New Group Layer\spwn_FISS_HIS_Z_line_spawning_int_wsd,ACTIVITY,-1,-1;COMMENTS "COMMENTS" true true false 254 Text 0 0 ,First,#,New Group Layer\spwn_FISS_HIS_Z_line_spawning_int_wsd,COMMENTS,-1,-1;RFSNDDTS "RFSNDDTS" true true false 254 Text 0 0 ,First,#,New Group Layer\spwn_FISS_HIS_Z_line_spawning_int_wsd,RFSNDDTS,-1,-1;ROUTE_ID "ROUTE_ID" true true false 4 Long 0 0 ,First,#,New Group Layer\spwn_FISS_HIS_Z_line_spawning_int_wsd,ROUTE_ID,-1,-1;PSTRMRTMSR "PSTRMRTMSR" true true false 4 Long 0 0 ,First,#,New Group Layer\spwn_FISS_HIS_Z_line_spawning_int_wsd,PSTRMRTMSR,-1,-1;DNSTRMRTMS "DNSTRMRTMS" true true false 4 Long 0 0 ,First,#,New Group Layer\spwn_FISS_HIS_Z_line_spawning_int_wsd,DNSTRMRTMS,-1,-1;ZNLNGTH "ZNLNGTH" true true false 8 Double 0 0 ,First,#,New Group Layer\spwn_FISS_HIS_Z_line_spawning_int_wsd,ZNLNGTH,-1,-1;THEME_NAME "THEME_NAME" true true false 11 Text 0 0 ,First,#,New Group Layer\spwn_FISS_HIS_Z_line_spawning_int_wsd,THEME_NAME,-1,-1;FEAT_LEN "FEAT_LEN" true true false 8 Double 0 0 ,First,#,New Group Layer\spwn_FISS_HIS_Z_line_spawning_int_wsd,FEAT_LEN,-1,-1;OBJECTID "OBJECTID" true true false 8 Double 0 0 ,First,#,New Group Layer\spwn_FISS_HIS_Z_line_spawning_int_wsd,OBJECTID,-1,-1,New Group Layer\spwn_add_spawning_lines_vimi_int_wsds,OBJECTID,-1,-1,New Group Layer\spwn_add_spawning_lines_fraser_int_wsds,OBJECTID,-1,-1;WATERSHED_FEATURE_ID "WATERSHED_FEATURE_ID" true true false 8 Double 0 0 ,First,#,New Group Layer\spwn_FISS_HIS_Z_line_spawning_int_wsd,WATERSHED_FEATURE_ID,-1,-1,New Group Layer\spwn_add_spawning_lines_vimi_int_wsds,WATERSHED_FEATURE_ID,-1,-1,New Group Layer\spwn_add_spawning_lines_fraser_int_wsds,WATERSHED_FEATURE_ID,-1,-1;WATERSHED_GROUP_ID "WATERSHED_GROUP_ID" true true false 8 Double 0 0 ,First,#,New Group Layer\spwn_FISS_HIS_Z_line_spawning_int_wsd,WATERSHED_GROUP_ID,-1,-1,New Group Layer\spwn_add_spawning_lines_vimi_int_wsds,WATERSHED_GROUP_ID,-1,-1,New Group Layer\spwn_add_spawning_lines_fraser_int_wsds,WATERSHED_GROUP_ID,-1,-1;WATERSHED_TYPE "WATERSHED_TYPE" true true false 1 Text 0 0 ,First,#,New Group Layer\spwn_FISS_HIS_Z_line_spawning_int_wsd,WATERSHED_TYPE,-1,-1,New Group Layer\spwn_add_spawning_lines_vimi_int_wsds,WATERSHED_TYPE,-1,-1,New Group Layer\spwn_add_spawning_lines_fraser_int_wsds,WATERSHED_TYPE,-1,-1;GNIS_ID_1 "GNIS_ID_1" true true false 4 Long 0 0 ,First,#,New Group Layer\spwn_FISS_HIS_Z_line_spawning_int_wsd,GNIS_ID_1,-1,-1,New Group Layer\spwn_add_spawning_lines_vimi_int_wsds,GNIS_ID_1,-1,-1,New Group Layer\spwn_add_spawning_lines_fraser_int_wsds,GNIS_ID_1,-1,-1;GNIS_NAME_1 "GNIS_NAME_1" true true false 80 Text 0 0 ,First,#,New Group Layer\spwn_FISS_HIS_Z_line_spawning_int_wsd,GNIS_NAME_1,-1,-1,New Group Layer\spwn_add_spawning_lines_vimi_int_wsds,GNIS_NAME_1,-1,-1,New Group Layer\spwn_add_spawning_lines_fraser_int_wsds,GNIS_NAME_1,-1,-1;GNIS_ID_2 "GNIS_ID_2" true true false 4 Long 0 0 ,First,#,New Group Layer\spwn_FISS_HIS_Z_line_spawning_int_wsd,GNIS_ID_2,-1,-1,New Group Layer\spwn_add_spawning_lines_vimi_int_wsds,GNIS_ID_2,-1,-1,New Group Layer\spwn_add_spawning_lines_fraser_int_wsds,GNIS_ID_2,-1,-1;GNIS_NAME_2 "GNIS_NAME_2" true true false 80 Text 0 0 ,First,#,New Group Layer\spwn_FISS_HIS_Z_line_spawning_int_wsd,GNIS_NAME_2,-1,-1,New Group Layer\spwn_add_spawning_lines_vimi_int_wsds,GNIS_NAME_2,-1,-1,New Group Layer\spwn_add_spawning_lines_fraser_int_wsds,GNIS_NAME_2,-1,-1;GNIS_ID_3 "GNIS_ID_3" true true false 4 Long 0 0 ,First,#,New Group Layer\spwn_FISS_HIS_Z_line_spawning_int_wsd,GNIS_ID_3,-1,-1,New Group Layer\spwn_add_spawning_lines_vimi_int_wsds,GNIS_ID_3,-1,-1,New Group Layer\spwn_add_spawning_lines_fraser_int_wsds,GNIS_ID_3,-1,-1;GNIS_NAME_3 "GNIS_NAME_3" true true false 80 Text 0 0 ,First,#,New Group Layer\spwn_FISS_HIS_Z_line_spawning_int_wsd,GNIS_NAME_3,-1,-1,New Group Layer\spwn_add_spawning_lines_vimi_int_wsds,GNIS_NAME_3,-1,-1,New Group Layer\spwn_add_spawning_lines_fraser_int_wsds,GNIS_NAME_3,-1,-1;WATERBODY_ID "WATERBODY_ID" true true false 4 Long 0 0 ,First,#,New Group Layer\spwn_FISS_HIS_Z_line_spawning_int_wsd,WATERBODY_ID,-1,-1,New Group Layer\spwn_add_spawning_lines_vimi_int_wsds,WATERBODY_ID,-1,-1,New Group Layer\spwn_add_spawning_lines_fraser_int_wsds,WATERBODY_ID,-1,-1;WATERBODY_KEY "WATERBODY_KEY" true true false 4 Long 0 0 ,First,#,New Group Layer\spwn_FISS_HIS_Z_line_spawning_int_wsd,WATERBODY_KEY,-1,-1,New Group Layer\spwn_add_spawning_lines_vimi_int_wsds,WATERBODY_KEY,-1,-1,New Group Layer\spwn_add_spawning_lines_fraser_int_wsds,WATERBODY_KEY,-1,-1;WATERSHED_KEY "WATERSHED_KEY" true true false 4 Long 0 0 ,First,#,New Group Layer\spwn_FISS_HIS_Z_line_spawning_int_wsd,WATERSHED_KEY,-1,-1,New Group Layer\spwn_add_spawning_lines_vimi_int_wsds,WATERSHED_KEY,-1,-1,New Group Layer\spwn_add_spawning_lines_fraser_int_wsds,WATERSHED_KEY,-1,-1;FWA_WATERSHED_CODE "FWA_WATERSHED_CODE" true true false 143 Text 0 0 ,First,#,New Group Layer\spwn_FISS_HIS_Z_line_spawning_int_wsd,FWA_WATERSHED_CODE,-1,-1,New Group Layer\spwn_add_spawning_lines_vimi_int_wsds,FWA_WATERSHED_CODE,-1,-1,New Group Layer\spwn_add_spawning_lines_fraser_int_wsds,FWA_WATERSHED_CODE,-1,-1;LOCAL_WATERSHED_CODE "LOCAL_WATERSHED_CODE" true true false 143 Text 0 0 ,First,#,New Group Layer\spwn_FISS_HIS_Z_line_spawning_int_wsd,LOCAL_WATERSHED_CODE,-1,-1,New Group Layer\spwn_add_spawning_lines_vimi_int_wsds,LOCAL_WATERSHED_CODE,-1,-1,New Group Layer\spwn_add_spawning_lines_fraser_int_wsds,LOCAL_WATERSHED_CODE,-1,-1;WATERSHED_GROUP_CODE "WATERSHED_GROUP_CODE" true true false 4 Text 0 0 ,First,#,New Group Layer\spwn_FISS_HIS_Z_line_spawning_int_wsd,WATERSHED_GROUP_CODE,-1,-1,New Group Layer\spwn_add_spawning_lines_vimi_int_wsds,WATERSHED_GROUP_CODE,-1,-1,New Group Layer\spwn_add_spawning_lines_fraser_int_wsds,WATERSHED_GROUP_CODE,-1,-1;LEFT_RIGHT_TRIBUTARY "LEFT_RIGHT_TRIBUTARY" true true false 7 Text 0 0 ,First,#,New Group Layer\spwn_FISS_HIS_Z_line_spawning_int_wsd,LEFT_RIGHT_TRIBUTARY,-1,-1,New Group Layer\spwn_add_spawning_lines_vimi_int_wsds,LEFT_RIGHT_TRIBUTARY,-1,-1,New Group Layer\spwn_add_spawning_lines_fraser_int_wsds,LEFT_RIGHT_TRIBUTARY,-1,-1;WATERSHED_ORDER "WATERSHED_ORDER" true true false 4 Long 0 0 ,First,#,New Group Layer\spwn_FISS_HIS_Z_line_spawning_int_wsd,WATERSHED_ORDER,-1,-1,New Group Layer\spwn_add_spawning_lines_vimi_int_wsds,WATERSHED_ORDER,-1,-1,New Group Layer\spwn_add_spawning_lines_fraser_int_wsds,WATERSHED_ORDER,-1,-1;WATERSHED_MAGNITUDE "WATERSHED_MAGNITUDE" true true false 4 Long 0 0 ,First,#,New Group Layer\spwn_FISS_HIS_Z_line_spawning_int_wsd,WATERSHED_MAGNITUDE,-1,-1,New Group Layer\spwn_add_spawning_lines_vimi_int_wsds,WATERSHED_MAGNITUDE,-1,-1,New Group Layer\spwn_add_spawning_lines_fraser_int_wsds,WATERSHED_MAGNITUDE,-1,-1;LOCAL_WATERSHED_ORDER "LOCAL_WATERSHED_ORDER" true true false 4 Long 0 0 ,First,#,New Group Layer\spwn_FISS_HIS_Z_line_spawning_int_wsd,LOCAL_WATERSHED_ORDER,-1,-1,New Group Layer\spwn_add_spawning_lines_vimi_int_wsds,LOCAL_WATERSHED_ORDER,-1,-1,New Group Layer\spwn_add_spawning_lines_fraser_int_wsds,LOCAL_WATERSHED_ORDER,-1,-1;LOCAL_WATERSHED_MAGNITUDE "LOCAL_WATERSHED_MAGNITUDE" true true false 4 Long 0 0 ,First,#,New Group Layer\spwn_FISS_HIS_Z_line_spawning_int_wsd,LOCAL_WATERSHED_MAGNITUDE,-1,-1,New Group Layer\spwn_add_spawning_lines_vimi_int_wsds,LOCAL_WATERSHED_MAGNITUDE,-1,-1,New Group Layer\spwn_add_spawning_lines_fraser_int_wsds,LOCAL_WATERSHED_MAGNITUDE,-1,-1;AREA_HA "AREA_HA" true true false 8 Double 0 0 ,First,#,New Group Layer\spwn_FISS_HIS_Z_line_spawning_int_wsd,AREA_HA,-1,-1,New Group Layer\spwn_add_spawning_lines_vimi_int_wsds,AREA_HA,-1,-1,New Group Layer\spwn_add_spawning_lines_fraser_int_wsds,AREA_HA,-1,-1;FEATURE_CODE "FEATURE_CODE" true true false 10 Text 0 0 ,First,#,New Group Layer\spwn_FISS_HIS_Z_line_spawning_int_wsd,FEATURE_CODE,-1,-1,New Group Layer\spwn_add_spawning_lines_vimi_int_wsds,FEATURE_CODE,-1,-1,New Group Layer\spwn_add_spawning_lines_fraser_int_wsds,FEATURE_CODE,-1,-1;OBJECTID_12 "OBJECTID" true true false 4 Long 0 0 ,First,#,New Group Layer\spwn_FISS_HIS_Z_line_spawning_int_wsd,OBJECTID_12,-1,-1,New Group Layer\spwn_add_spawning_lines_vimi_int_wsds,OBJECTID_12,-1,-1,New Group Layer\spwn_add_spawning_lines_fraser_int_wsds,OBJECTID_12,-1,-1;FEATURE_AREA_SQM "FEATURE_AREA_SQM" true true false 8 Double 0 0 ,First,#,New Group Layer\spwn_FISS_HIS_Z_line_spawning_int_wsd,FEATURE_AREA_SQM,-1,-1,New Group Layer\spwn_add_spawning_lines_vimi_int_wsds,FEATURE_AREA_SQM,-1,-1,New Group Layer\spwn_add_spawning_lines_fraser_int_wsds,FEATURE_AREA_SQM,-1,-1;FEATURE_LENGTH_M "FEATURE_LENGTH_M" true true false 8 Double 0 0 ,First,#,New Group Layer\spwn_FISS_HIS_Z_line_spawning_int_wsd,FEATURE_LENGTH_M,-1,-1,New Group Layer\spwn_add_spawning_lines_vimi_int_wsds,FEATURE_LENGTH_M,-1,-1,New Group Layer\spwn_add_spawning_lines_fraser_int_wsds,FEATURE_LENGTH_M,-1,-1;GEOMETRY_AREA "GEOMETRY_AREA" true true false 8 Double 0 0 ,First,#,New Group Layer\spwn_FISS_HIS_Z_line_spawning_int_wsd,GEOMETRY_AREA,-1,-1,New Group Layer\spwn_add_spawning_lines_vimi_int_wsds,GEOMETRY_AREA,-1,-1,New Group Layer\spwn_add_spawning_lines_fraser_int_wsds,GEOMETRY_AREA,-1,-1;GEOMETRY_LEN "GEOMETRY_LEN" true true false 8 Double 0 0 ,First,#,New Group Layer\spwn_FISS_HIS_Z_line_spawning_int_wsd,GEOMETRY_LEN,-1,-1,New Group Layer\spwn_add_spawning_lines_vimi_int_wsds,GEOMETRY_LEN,-1,-1,New Group Layer\spwn_add_spawning_lines_fraser_int_wsds,GEOMETRY_LEN,-1,-1;fme_feature_type "fme_feature_type" true true false 50 Text 0 0 ,First,#,New Group Layer\spwn_FISS_HIS_Z_line_spawning_int_wsd,fme_feature_type,-1,-1,New Group Layer\spwn_add_spawning_lines_vimi_int_wsds,fme_feature_type,-1,-1,New Group Layer\spwn_add_spawning_lines_fraser_int_wsds,fme_feature_type,-1,-1;FID_fwa_assessment_wsds_fraser_vimi "FID_fwa_assessment_wsds_fraser_vimi" true true false 4 Long 0 0 ,First,#,New Group Layer\spwn_FISS_HIS_Z_line_spawning_int_wsd,FID_fwa_assessment_wsds_fraser_vimi,-1,-1,New Group Layer\spwn_add_spawning_lines_vimi_int_wsds,FID_fwa_assessment_wsds_fraser_vimi,-1,-1,New Group Layer\spwn_add_spawning_lines_fraser_int_wsds,FID_fwa_assessment_wsds_fraser_vimi,-1,-1;OBJECTID_12_13 "OBJECTID" true true false 4 Long 0 0 ,First,#,New Group Layer\spwn_FISS_HIS_Z_line_spawning_int_wsd,OBJECTID_12_13,-1,-1;WATERSHED_FEATURE_ID_1 "WATERSHED_FEATURE_ID" true true false 8 Double 0 0 ,First,#,New Group Layer\spwn_FISS_HIS_Z_line_spawning_int_wsd,WATERSHED_FEATURE_ID_1,-1,-1,New Group Layer\spwn_add_spawning_lines_vimi_int_wsds,WATERSHED_FEATURE_ID_1,-1,-1,New Group Layer\spwn_add_spawning_lines_fraser_int_wsds,WATERSHED_FEATURE_ID_1,-1,-1;WATERSHED_GROUP_ID_1 "WATERSHED_GROUP_ID" true true false 8 Double 0 0 ,First,#,New Group Layer\spwn_FISS_HIS_Z_line_spawning_int_wsd,WATERSHED_GROUP_ID_1,-1,-1,New Group Layer\spwn_add_spawning_lines_vimi_int_wsds,WATERSHED_GROUP_ID_1,-1,-1,New Group Layer\spwn_add_spawning_lines_fraser_int_wsds,WATERSHED_GROUP_ID_1,-1,-1;WATERSHED_TYPE_1 "WATERSHED_TYPE" true true false 1 Text 0 0 ,First,#,New Group Layer\spwn_FISS_HIS_Z_line_spawning_int_wsd,WATERSHED_TYPE_1,-1,-1,New Group Layer\spwn_add_spawning_lines_vimi_int_wsds,WATERSHED_TYPE_1,-1,-1,New Group Layer\spwn_add_spawning_lines_fraser_int_wsds,WATERSHED_TYPE_1,-1,-1;GNIS_ID_12 "GNIS_ID_1" true true false 4 Long 0 0 ,First,#,New Group Layer\spwn_FISS_HIS_Z_line_spawning_int_wsd,GNIS_ID_12,-1,-1,New Group Layer\spwn_add_spawning_lines_vimi_int_wsds,GNIS_ID_12,-1,-1,New Group Layer\spwn_add_spawning_lines_fraser_int_wsds,GNIS_ID_12,-1,-1;GNIS_NAME_12 "GNIS_NAME_1" true true false 80 Text 0 0 ,First,#,New Group Layer\spwn_FISS_HIS_Z_line_spawning_int_wsd,GNIS_NAME_12,-1,-1,New Group Layer\spwn_add_spawning_lines_vimi_int_wsds,GNIS_NAME_12,-1,-1,New Group Layer\spwn_add_spawning_lines_fraser_int_wsds,GNIS_NAME_12,-1,-1;GNIS_ID_23 "GNIS_ID_2" true true false 4 Long 0 0 ,First,#,New Group Layer\spwn_FISS_HIS_Z_line_spawning_int_wsd,GNIS_ID_23,-1,-1,New Group Layer\spwn_add_spawning_lines_vimi_int_wsds,GNIS_ID_23,-1,-1,New Group Layer\spwn_add_spawning_lines_fraser_int_wsds,GNIS_ID_23,-1,-1;GNIS_NAME_23 "GNIS_NAME_2" true true false 80 Text 0 0 ,First,#,New Group Layer\spwn_FISS_HIS_Z_line_spawning_int_wsd,GNIS_NAME_23,-1,-1,New Group Layer\spwn_add_spawning_lines_vimi_int_wsds,GNIS_NAME_23,-1,-1,New Group Layer\spwn_add_spawning_lines_fraser_int_wsds,GNIS_NAME_23,-1,-1;GNIS_ID_34 "GNIS_ID_3" true true false 4 Long 0 0 ,First,#,New Group Layer\spwn_FISS_HIS_Z_line_spawning_int_wsd,GNIS_ID_34,-1,-1,New Group Layer\spwn_add_spawning_lines_vimi_int_wsds,GNIS_ID_34,-1,-1,New Group Layer\spwn_add_spawning_lines_fraser_int_wsds,GNIS_ID_34,-1,-1;GNIS_NAME_34 "GNIS_NAME_3" true true false 80 Text 0 0 ,First,#,New Group Layer\spwn_FISS_HIS_Z_line_spawning_int_wsd,GNIS_NAME_34,-1,-1,New Group Layer\spwn_add_spawning_lines_vimi_int_wsds,GNIS_NAME_34,-1,-1,New Group Layer\spwn_add_spawning_lines_fraser_int_wsds,GNIS_NAME_34,-1,-1;WATERBODY_ID_1 "WATERBODY_ID" true true false 4 Long 0 0 ,First,#,New Group Layer\spwn_FISS_HIS_Z_line_spawning_int_wsd,WATERBODY_ID_1,-1,-1,New Group Layer\spwn_add_spawning_lines_vimi_int_wsds,WATERBODY_ID_1,-1,-1,New Group Layer\spwn_add_spawning_lines_fraser_int_wsds,WATERBODY_ID_1,-1,-1;WATERBODY_KEY_1 "WATERBODY_KEY" true true false 4 Long 0 0 ,First,#,New Group Layer\spwn_FISS_HIS_Z_line_spawning_int_wsd,WATERBODY_KEY_1,-1,-1,New Group Layer\spwn_add_spawning_lines_vimi_int_wsds,WATERBODY_KEY_1,-1,-1,New Group Layer\spwn_add_spawning_lines_fraser_int_wsds,WATERBODY_KEY_1,-1,-1;WATERSHED_KEY_1 "WATERSHED_KEY" true true false 4 Long 0 0 ,First,#,New Group Layer\spwn_FISS_HIS_Z_line_spawning_int_wsd,WATERSHED_KEY_1,-1,-1,New Group Layer\spwn_add_spawning_lines_vimi_int_wsds,WATERSHED_KEY_1,-1,-1,New Group Layer\spwn_add_spawning_lines_fraser_int_wsds,WATERSHED_KEY_1,-1,-1;FWA_WATERSHED_CODE_1 "FWA_WATERSHED_CODE" true true false 143 Text 0 0 ,First,#,New Group Layer\spwn_FISS_HIS_Z_line_spawning_int_wsd,FWA_WATERSHED_CODE_1,-1,-1,New Group Layer\spwn_add_spawning_lines_vimi_int_wsds,FWA_WATERSHED_CODE_1,-1,-1,New Group Layer\spwn_add_spawning_lines_fraser_int_wsds,FWA_WATERSHED_CODE_1,-1,-1;LOCAL_WATERSHED_CODE_1 "LOCAL_WATERSHED_CODE" true true false 143 Text 0 0 ,First,#,New Group Layer\spwn_FISS_HIS_Z_line_spawning_int_wsd,LOCAL_WATERSHED_CODE_1,-1,-1,New Group Layer\spwn_add_spawning_lines_vimi_int_wsds,LOCAL_WATERSHED_CODE_1,-1,-1,New Group Layer\spwn_add_spawning_lines_fraser_int_wsds,LOCAL_WATERSHED_CODE_1,-1,-1;WATERSHED_GROUP_CODE_1 "WATERSHED_GROUP_CODE" true true false 4 Text 0 0 ,First,#,New Group Layer\spwn_FISS_HIS_Z_line_spawning_int_wsd,WATERSHED_GROUP_CODE_1,-1,-1,New Group Layer\spwn_add_spawning_lines_vimi_int_wsds,WATERSHED_GROUP_CODE_1,-1,-1,New Group Layer\spwn_add_spawning_lines_fraser_int_wsds,WATERSHED_GROUP_CODE_1,-1,-1;LEFT_RIGHT_TRIBUTARY_1 "LEFT_RIGHT_TRIBUTARY" true true false 7 Text 0 0 ,First,#,New Group Layer\spwn_FISS_HIS_Z_line_spawning_int_wsd,LEFT_RIGHT_TRIBUTARY_1,-1,-1,New Group Layer\spwn_add_spawning_lines_vimi_int_wsds,LEFT_RIGHT_TRIBUTARY_1,-1,-1,New Group Layer\spwn_add_spawning_lines_fraser_int_wsds,LEFT_RIGHT_TRIBUTARY_1,-1,-1;WATERSHED_ORDER_1 "WATERSHED_ORDER" true true false 4 Long 0 0 ,First,#,New Group Layer\spwn_FISS_HIS_Z_line_spawning_int_wsd,WATERSHED_ORDER_1,-1,-1,New Group Layer\spwn_add_spawning_lines_vimi_int_wsds,WATERSHED_ORDER_1,-1,-1,New Group Layer\spwn_add_spawning_lines_fraser_int_wsds,WATERSHED_ORDER_1,-1,-1;WATERSHED_MAGNITUDE_1 "WATERSHED_MAGNITUDE" true true false 4 Long 0 0 ,First,#,New Group Layer\spwn_FISS_HIS_Z_line_spawning_int_wsd,WATERSHED_MAGNITUDE_1,-1,-1,New Group Layer\spwn_add_spawning_lines_vimi_int_wsds,WATERSHED_MAGNITUDE_1,-1,-1,New Group Layer\spwn_add_spawning_lines_fraser_int_wsds,WATERSHED_MAGNITUDE_1,-1,-1;LOCAL_WATERSHED_ORDER_1 "LOCAL_WATERSHED_ORDER" true true false 4 Long 0 0 ,First,#,New Group Layer\spwn_FISS_HIS_Z_line_spawning_int_wsd,LOCAL_WATERSHED_ORDER_1,-1,-1,New Group Layer\spwn_add_spawning_lines_vimi_int_wsds,LOCAL_WATERSHED_ORDER_1,-1,-1,New Group Layer\spwn_add_spawning_lines_fraser_int_wsds,LOCAL_WATERSHED_ORDER_1,-1,-1;LOCAL_WATERSHED_MAGNITUDE_1 "LOCAL_WATERSHED_MAGNITUDE" true true false 4 Long 0 0 ,First,#,New Group Layer\spwn_FISS_HIS_Z_line_spawning_int_wsd,LOCAL_WATERSHED_MAGNITUDE_1,-1,-1,New Group Layer\spwn_add_spawning_lines_vimi_int_wsds,LOCAL_WATERSHED_MAGNITUDE_1,-1,-1,New Group Layer\spwn_add_spawning_lines_fraser_int_wsds,LOCAL_WATERSHED_MAGNITUDE_1,-1,-1;AREA_HA_1 "AREA_HA" true true false 8 Double 0 0 ,First,#,New Group Layer\spwn_FISS_HIS_Z_line_spawning_int_wsd,AREA_HA_1,-1,-1,New Group Layer\spwn_add_spawning_lines_vimi_int_wsds,AREA_HA_1,-1,-1,New Group Layer\spwn_add_spawning_lines_fraser_int_wsds,AREA_HA_1,-1,-1;FEATURE_CODE_1 "FEATURE_CODE" true true false 10 Text 0 0 ,First,#,New Group Layer\spwn_FISS_HIS_Z_line_spawning_int_wsd,FEATURE_CODE_1,-1,-1,New Group Layer\spwn_add_spawning_lines_vimi_int_wsds,FEATURE_CODE_1,-1,-1,New Group Layer\spwn_add_spawning_lines_fraser_int_wsds,FEATURE_CODE_1,-1,-1;WTRSHD_FID "WTRSHD_FID" true true false 4 Long 0 0 ,First,#,New Group Layer\spwn_FISS_HIS_Z_line_spawning_int_wsd,WTRSHD_FID,-1,-1,New Group Layer\spwn_add_spawning_lines_vimi_int_wsds,WTRSHD_FID,-1,-1,New Group Layer\spwn_add_spawning_lines_fraser_int_wsds,WTRSHD_FID,-1,-1;AREA_KM2 "AREA_KM2" true true false 8 Double 0 0 ,First,#,New Group Layer\spwn_FISS_HIS_Z_line_spawning_int_wsd,AREA_KM2,-1,-1,New Group Layer\spwn_add_spawning_lines_vimi_int_wsds,AREA_KM2,-1,-1,New Group Layer\spwn_add_spawning_lines_fraser_int_wsds,AREA_KM2,-1,-1;ORIG_FID "ORIG_FID" true true false 4 Long 0 0 ,First,#,New Group Layer\spwn_FISS_HIS_Z_line_spawning_int_wsd,ORIG_FID,-1,-1,New Group Layer\spwn_add_spawning_lines_vimi_int_wsds,ORIG_FID,-1,-1,New Group Layer\spwn_add_spawning_lines_fraser_int_wsds,ORIG_FID,-1,-1;Shape_Length "Shape_Length" false true true 8 Double 0 0 ,First,#,New Group Layer\spwn_FISS_HIS_Z_line_spawning_int_wsd,Shape_Length,-1,-1,New Group Layer\spwn_add_spawning_lines_vimi_int_wsds,Shape_Length,-1,-1,New Group Layer\spwn_add_spawning_lines_fraser_int_wsds,Shape_Length,-1,-1;FID_Add_Spawning_Distribution_SCVI "FID_Add_Spawning_Distribution_SCVI" true true false 4 Long 0 0 ,First,#,New Group Layer\spwn_add_spawning_lines_vimi_int_wsds,FID_Add_Spawning_Distribution_SCVI,-1,-1;StreamName "StreamName" true true false 50 Text 0 0 ,First,#,New Group Layer\spwn_add_spawning_lines_vimi_int_wsds,StreamName,-1,-1,New Group Layer\spwn_add_spawning_lines_fraser_int_wsds,StreamName,-1,-1;Species "Species" true true false 50 Text 0 0 ,First,#,New Group Layer\spwn_add_spawning_lines_vimi_int_wsds,Species,-1,-1,New Group Layer\spwn_add_spawning_lines_fraser_int_wsds,Species,-1,-1;ObservedOn "ObservedOn" true true false 50 Text 0 0 ,First,#,New Group Layer\spwn_add_spawning_lines_vimi_int_wsds,ObservedOn,-1,-1,New Group Layer\spwn_add_spawning_lines_fraser_int_wsds,ObservedOn,-1,-1;Comment "Comment" true true false 50 Text 0 0 ,First,#,New Group Layer\spwn_add_spawning_lines_vimi_int_wsds,Comment,-1,-1,New Group Layer\spwn_add_spawning_lines_fraser_int_wsds,Comment,-1,-1;AddedBy "AddedBy" true true false 50 Text 0 0 ,First,#,New Group Layer\spwn_add_spawning_lines_vimi_int_wsds,AddedBy,-1,-1,New Group Layer\spwn_add_spawning_lines_fraser_int_wsds,AddedBy,-1,-1;GlobalID "GlobalID" true true false 38 Text 0 0 ,First,#,New Group Layer\spwn_add_spawning_lines_vimi_int_wsds,GlobalID,-1,-1;CreationDa "CreationDa" true true false 8 Date 0 0 ,First,#,New Group Layer\spwn_add_spawning_lines_vimi_int_wsds,CreationDa,-1,-1;Creator "Creator" true true false 128 Text 0 0 ,First,#,New Group Layer\spwn_add_spawning_lines_vimi_int_wsds,Creator,-1,-1;EditDate "EditDate" true true false 8 Date 0 0 ,First,#,New Group Layer\spwn_add_spawning_lines_vimi_int_wsds,EditDate,-1,-1;Editor "Editor" true true false 128 Text 0 0 ,First,#,New Group Layer\spwn_add_spawning_lines_vimi_int_wsds,Editor,-1,-1;FID_Add_Spawning_Distribution_Fraser "FID_Add_Spawning_Distribution_Fraser" true true false 4 Long 0 0 ,First,#,New Group Layer\spwn_add_spawning_lines_fraser_int_wsds,FID_Add_Spawning_Distribution_Fraser,-1,-1"</Process><Process ToolSource="c:\program files (x86)\arcgis\desktop10.5\ArcToolbox\Toolboxes\Data Management Tools.tbx\DeleteField" Date="20191110" Time="123636">DeleteField output_spwn_lines FID_FISS_HIS_Z_line_spawning;LOC_TYPE;NWWTRSHDCD;GZTTDNM;PSTRMMPSHT;PSTRMPNTD;DNSTRMMPSH;DNSTRMPNTD;SPCSCD;STOCK_NAME;STOCK_CHAR;STOCK_TYPE;STCKMNGMNT;CTVTCD;ACTIVITY;COMMENTS;RFSNDDTS;ROUTE_ID;PSTRMRTMSR;DNSTRMRTMS;ZNLNGTH;THEME_NAME;FEAT_LEN;OBJECTID;WATERSHED_GROUP_ID;WATERSHED_TYPE;GNIS_ID_1;GNIS_NAME_1;GNIS_ID_2;GNIS_NAME_2;GNIS_ID_3;GNIS_NAME_3;WATERBODY_ID;WATERBODY_KEY;WATERSHED_KEY;FWA_WATERSHED_CODE;LOCAL_WATERSHED_CODE;WATERSHED_GROUP_CODE;LEFT_RIGHT_TRIBUTARY;WATERSHED_ORDER;WATERSHED_MAGNITUDE;LOCAL_WATERSHED_ORDER;LOCAL_WATERSHED_MAGNITUDE;AREA_HA;FEATURE_CODE;OBJECTID_12;FEATURE_AREA_SQM;FEATURE_LENGTH_M;GEOMETRY_AREA;GEOMETRY_LEN;fme_feature_type;FID_fwa_assessment_wsds_fraser_vimi;OBJECTID_12_13;WATERSHED_GROUP_ID_1;WATERSHED_TYPE_1;GNIS_ID_12;GNIS_NAME_12;GNIS_ID_23;GNIS_NAME_23;GNIS_ID_34;GNIS_NAME_34;WATERBODY_ID_1;WATERBODY_KEY_1;WATERSHED_KEY_1;FWA_WATERSHED_CODE_1;LOCAL_WATERSHED_CODE_1;WATERSHED_GROUP_CODE_1;LEFT_RIGHT_TRIBUTARY_1;WATERSHED_ORDER_1;WATERSHED_MAGNITUDE_1;LOCAL_WATERSHED_ORDER_1;LOCAL_WATERSHED_MAGNITUDE_1;AREA_HA_1;FEATURE_CODE_1;AREA_KM2;ORIG_FID;FID_Add_Spawning_Distribution_SCVI;GlobalID;CreationDa;Creator;EditDate;Editor;FID_Add_Spawning_Distribution_Fraser</Process><Process ToolSource="c:\program files (x86)\arcgis\desktop10.5\ArcToolbox\Toolboxes\Data Management Tools.tbx\CalculateField" Date="20191110" Time="124824">CalculateField output_spwn_lines sppqualifiedid 5 VB #</Process><Process ToolSource="c:\program files (x86)\arcgis\desktop10.5\ArcToolbox\Toolboxes\Data Management Tools.tbx\CalculateField" Date="20191110" Time="124840">CalculateField output_spwn_lines sppqualifiedid null VB #</Process><Process ToolSource="c:\program files (x86)\arcgis\desktop10.5\ArcToolbox\Toolboxes\Data Management Tools.tbx\CalculateField" Date="20191110" Time="140824">CalculateField output_spwn_lines sppqualifiedid 5 VB #</Process><Process ToolSource="c:\program files (x86)\arcgis\desktop10.5\ArcToolbox\Toolboxes\Data Management Tools.tbx\CalculateField" Date="20191110" Time="140849">CalculateField output_spwn_lines sppqualifiedid 7 VB #</Process><Process ToolSource="c:\program files (x86)\arcgis\desktop10.5\ArcToolbox\Toolboxes\Data Management Tools.tbx\CalculateField" Date="20191110" Time="140919">CalculateField output_spwn_lines sppqualifiedid 6 VB #</Process><Process ToolSource="c:\program files (x86)\arcgis\desktop10.5\ArcToolbox\Toolboxes\Data Management Tools.tbx\CalculateField" Date="20191110" Time="140953">CalculateField output_spwn_lines sppqualifiedid 3 VB #</Process><Process ToolSource="c:\program files (x86)\arcgis\desktop10.5\ArcToolbox\Toolboxes\Data Management Tools.tbx\CalculateField" Date="20191110" Time="141025">CalculateField output_spwn_lines sppqualifiedid 1 VB #</Process><Process ToolSource="c:\program files (x86)\arcgis\desktop10.5\ArcToolbox\Toolboxes\Data Management Tools.tbx\CalculateField" Date="20191110" Time="142532">CalculateField output_spwn_lines sppqualifiedid 2 VB #</Process><Process ToolSource="c:\program files (x86)\arcgis\desktop10.5\ArcToolbox\Toolboxes\Data Management Tools.tbx\CalculateField" Date="20191110" Time="143121">CalculateField output_spwn_lines sppqualifiedid 4 VB #</Process><Process ToolSource="c:\program files (x86)\arcgis\desktop10.5\ArcToolbox\Toolboxes\Data Management Tools.tbx\CalculateField" Date="20200309" Time="235217">CalculateField output_spwn_lines Source "FISS" VB #</Process><Process ToolSource="c:\program files (x86)\arcgis\desktop10.5\ArcToolbox\Toolboxes\Data Management Tools.tbx\CalculateField" Date="20200309" Time="235243">CalculateField output_spwn_lines Source "Expert" VB #</Process><Process ToolSource="c:\program files (x86)\arcgis\desktop10.6\ArcToolbox\Toolboxes\Data Management Tools.tbx\CalculateField" Date="20201005" Time="221336">CalculateField output_spwn_lines_fraser Species "lake sockeye" VB #</Process><Process ToolSource="c:\program files (x86)\arcgis\desktop10.6\ArcToolbox\Toolboxes\Data Management Tools.tbx\CalculateField" Date="20201005" Time="221423">CalculateField output_spwn_lines_fraser Species "river sockeye" VB #</Process><Process ToolSource="c:\program files (x86)\arcgis\desktop10.6\ArcToolbox\Toolboxes\Data Management Tools.tbx\CalculateField" Date="20201005" Time="221459">CalculateField output_spwn_lines_fraser Species "pink odd" VB #</Process><Process ToolSource="c:\program files (x86)\arcgis\desktop10.6\ArcToolbox\Toolboxes\Data Management Tools.tbx\CalculateField" Date="20201005" Time="221627">CalculateField output_spwn_lines_fraser Species "Chinook" VB #</Process><Process ToolSource="c:\program files (x86)\arcgis\desktop10.6\ArcToolbox\Toolboxes\Data Management Tools.tbx\CalculateField" Date="20201005" Time="221650">CalculateField output_spwn_lines_fraser Species "coho" VB #</Process><Process ToolSource="c:\program files (x86)\arcgis\desktop10.6\ArcToolbox\Toolboxes\Data Management Tools.tbx\CalculateField" Date="20201005" Time="221803">CalculateField output_spwn_lines_fraser Species "chum" VB #</Process><Process ToolSource="c:\program files (x86)\arcgis\desktop10.6\ArcToolbox\Toolboxes\Data Management Tools.tbx\DeleteField" Date="20201005" Time="231323">DeleteField spawning_lines_fraser OBJECTID_1;SPCSNM;WTRSHD_FID;StreamName;ObservedOn;Comment;AddedBy;CUID;Shape_Leng</Process></lineage></DataProperties><SyncDate>20191110</SyncDate><SyncTime>12021900</SyncTime><ModDate>20191110</ModDate><ModTime>12021900</ModTime></Esri><dataIdInfo><envirDesc Sync="TRUE"> Version 6.2 (Build 9200) ; Esri ArcGIS 10.5.0.6491</envirDesc><dataLang><languageCode value="eng" Sync="TRUE"></languageCode><countryCode value="CAN" Sync="TRUE"></countryCode></dataLang><idCitation><resTitle Sync="TRUE">output_spwn_lines</resTitle><presForm><PresFormCd value="005" Sync="TRUE"></PresFormCd></presForm></idCitation><spatRpType><SpatRepTypCd value="001" Sync="TRUE"></SpatRepTypCd></spatRpType></dataIdInfo><mdLang><languageCode value="eng" Sync="TRUE"></languageCode><countryCode value="CAN" Sync="TRUE"></countryCode></mdLang><distInfo><distFormat><formatName Sync="TRUE">Personal GeoDatabase Feature Class</formatName></distFormat></distInfo><mdHrLv><ScopeCd value="005" Sync="TRUE"></ScopeCd></mdHrLv><mdHrLvName Sync="TRUE">dataset</mdHrLvName><refSysInfo><RefSystem><refSysID><identCode code="3005" Sync="TRUE"></identCode><idCodeSpace Sync="TRUE">EPSG</idCodeSpace><idVersion Sync="TRUE">6.11(9.0.0)</idVersion></refSysID></RefSystem></refSysInfo><spatRepInfo><VectSpatRep><geometObjs Name="output_spwn_lines"><geoObjTyp><GeoObjTypCd value="002" Sync="TRUE"></GeoObjTypCd></geoObjTyp><geoObjCnt Sync="TRUE">0</geoObjCnt></geometObjs><topLvl><TopoLevCd value="001" Sync="TRUE"></TopoLevCd></topLvl></VectSpatRep></spatRepInfo><spdoinfo><ptvctinf><esriterm Name="output_spwn_lines"><efeatyp Sync="TRUE">Simple</efeatyp><efeageom code="3" Sync="TRUE"></efeageom><esritopo Sync="TRUE">FALSE</esritopo><efeacnt Sync="TRUE">0</efeacnt><spindex Sync="TRUE">TRUE</spindex><linrefer Sync="TRUE">TRUE</linrefer></esriterm></ptvctinf></spdoinfo><eainfo><detailed Name="output_spwn_lines"><enttyp><enttypl Sync="TRUE">output_spwn_lines</enttypl><enttypt Sync="TRUE">Feature Class</enttypt><enttypc Sync="TRUE">0</enttypc></enttyp><attr><attrlabl Sync="TRUE">OBJECTID_1</attrlabl><attalias Sync="TRUE">OBJECTID_1</attalias><attrtype Sync="TRUE">OID</attrtype><attwidth Sync="TRUE">4</attwidth><atprecis Sync="TRUE">0</atprecis><attscale Sync="TRUE">0</attscale><attrdef Sync="TRUE">Internal feature number.</attrdef><attrdefs Sync="TRUE">Esri</attrdefs><attrdomv><udom Sync="TRUE">Sequential unique whole numbers that are automatically generated.</udom></attrdomv></attr><attr><attrlabl Sync="TRUE">Shape</attrlabl><attalias Sync="TRUE">Shape</attalias><attrtype Sync="TRUE">Geometry</attrtype><attwidth Sync="TRUE">0</attwidth><atprecis Sync="TRUE">0</atprecis><attscale Sync="TRUE">0</attscale><attrdef Sync="TRUE">Feature geometry.</attrdef><attrdefs Sync="TRUE">Esri</attrdefs><attrdomv><udom Sync="TRUE">Coordinates defining the features.</udom></attrdomv></attr><attr><attrlabl Sync="TRUE">FID_FISS_HIS_Z_line_spawning</attrlabl><attalias Sync="TRUE">FID_FISS_HIS_Z_line_spawning</attalias><attrtype Sync="TRUE">Integer</attrtype><attwidth Sync="TRUE">4</attwidth><atprecis Sync="TRUE">0</atprecis><attscale Sync="TRUE">0</attscale></attr><attr><attrlabl Sync="TRUE">LOC_TYPE</attrlabl><attalias Sync="TRUE">LOC_TYPE</attalias><attrtype Sync="TRUE">String</attrtype><attwidth Sync="TRUE">1</attwidth><atprecis Sync="TRUE">0</atprecis><attscale Sync="TRUE">0</attscale></attr><attr><attrlabl Sync="TRUE">NWWTRSHDCD</attrlabl><attalias Sync="TRUE">NWWTRSHDCD</attalias><attrtype Sync="TRUE">String</attrtype><attwidth Sync="TRUE">56</attwidth><atprecis Sync="TRUE">0</atprecis><attscale Sync="TRUE">0</attscale></attr><attr><attrlabl Sync="TRUE">GZTTDNM</attrlabl><attalias Sync="TRUE">GZTTDNM</attalias><attrtype Sync="TRUE">String</attrtype><attwidth Sync="TRUE">30</attwidth><atprecis Sync="TRUE">0</atprecis><attscale Sync="TRUE">0</attscale></attr><attr><attrlabl Sync="TRUE">PSTRMMPSHT</attrlabl><attalias Sync="TRUE">PSTRMMPSHT</attalias><attrtype Sync="TRUE">String</attrtype><attwidth Sync="TRUE">8</attwidth><atprecis Sync="TRUE">0</atprecis><attscale Sync="TRUE">0</attscale></attr><attr><attrlabl Sync="TRUE">PSTRMPNTD</attrlabl><attalias Sync="TRUE">PSTRMPNTD</attalias><attrtype Sync="TRUE">Integer</attrtype><attwidth Sync="TRUE">4</attwidth><atprecis Sync="TRUE">0</atprecis><attscale Sync="TRUE">0</attscale></attr><attr><attrlabl Sync="TRUE">DNSTRMMPSH</attrlabl><attalias Sync="TRUE">DNSTRMMPSH</attalias><attrtype Sync="TRUE">String</attrtype><attwidth Sync="TRUE">8</attwidth><atprecis Sync="TRUE">0</atprecis><attscale Sync="TRUE">0</attscale></attr><attr><attrlabl Sync="TRUE">DNSTRMPNTD</attrlabl><attalias Sync="TRUE">DNSTRMPNTD</attalias><attrtype Sync="TRUE">Integer</attrtype><attwidth Sync="TRUE">4</attwidth><atprecis Sync="TRUE">0</atprecis><attscale Sync="TRUE">0</attscale></attr><attr><attrlabl Sync="TRUE">SPCSCD</attrlabl><attalias Sync="TRUE">SPCSCD</attalias><attrtype Sync="TRUE">String</attrtype><attwidth Sync="TRUE">6</attwidth><atprecis Sync="TRUE">0</atprecis><attscale Sync="TRUE">0</attscale></attr><attr><attrlabl Sync="TRUE">SPCSNM</attrlabl><attalias Sync="TRUE">SPCSNM</attalias><attrtype Sync="TRUE">String</attrtype><attwidth Sync="TRUE">60</attwidth><atprecis Sync="TRUE">0</atprecis><attscale Sync="TRUE">0</attscale></attr><attr><attrlabl Sync="TRUE">STOCK_NAME</attrlabl><attalias Sync="TRUE">STOCK_NAME</attalias><attrtype Sync="TRUE">String</attrtype><attwidth Sync="TRUE">25</attwidth><atprecis Sync="TRUE">0</atprecis><attscale Sync="TRUE">0</attscale></attr><attr><attrlabl Sync="TRUE">STOCK_CHAR</attrlabl><attalias Sync="TRUE">STOCK_CHAR</attalias><attrtype Sync="TRUE">String</attrtype><attwidth Sync="TRUE">60</attwidth><atprecis Sync="TRUE">0</atprecis><attscale Sync="TRUE">0</attscale></attr><attr><attrlabl Sync="TRUE">STOCK_TYPE</attrlabl><attalias Sync="TRUE">STOCK_TYPE</attalias><attrtype Sync="TRUE">String</attrtype><attwidth Sync="TRUE">60</attwidth><atprecis Sync="TRUE">0</atprecis><attscale Sync="TRUE">0</attscale></attr><attr><attrlabl Sync="TRUE">STCKMNGMNT</attrlabl><attalias Sync="TRUE">STCKMNGMNT</attalias><attrtype Sync="TRUE">String</attrtype><attwidth Sync="TRUE">60</attwidth><atprecis Sync="TRUE">0</atprecis><attscale Sync="TRUE">0</attscale></attr><attr><attrlabl Sync="TRUE">CTVTCD</attrlabl><attalias Sync="TRUE">CTVTCD</attalias><attrtype Sync="TRUE">String</attrtype><attwidth Sync="TRUE">6</attwidth><atprecis Sync="TRUE">0</atprecis><attscale Sync="TRUE">0</attscale></attr><attr><attrlabl Sync="TRUE">ACTIVITY</attrlabl><attalias Sync="TRUE">ACTIVITY</attalias><attrtype Sync="TRUE">String</attrtype><attwidth Sync="TRUE">60</attwidth><atprecis Sync="TRUE">0</atprecis><attscale Sync="TRUE">0</attscale></attr><attr><attrlabl Sync="TRUE">COMMENTS</attrlabl><attalias Sync="TRUE">COMMENTS</attalias><attrtype Sync="TRUE">String</attrtype><attwidth Sync="TRUE">254</attwidth><atprecis Sync="TRUE">0</atprecis><attscale Sync="TRUE">0</attscale></attr><attr><attrlabl Sync="TRUE">RFSNDDTS</attrlabl><attalias Sync="TRUE">RFSNDDTS</attalias><attrtype Sync="TRUE">String</attrtype><attwidth Sync="TRUE">254</attwidth><atprecis Sync="TRUE">0</atprecis><attscale Sync="TRUE">0</attscale></attr><attr><attrlabl Sync="TRUE">ROUTE_ID</attrlabl><attalias Sync="TRUE">ROUTE_ID</attalias><attrtype Sync="TRUE">Integer</attrtype><attwidth Sync="TRUE">4</attwidth><atprecis Sync="TRUE">0</atprecis><attscale Sync="TRUE">0</attscale></attr><attr><attrlabl Sync="TRUE">PSTRMRTMSR</attrlabl><attalias Sync="TRUE">PSTRMRTMSR</attalias><attrtype Sync="TRUE">Integer</attrtype><attwidth Sync="TRUE">4</attwidth><atprecis Sync="TRUE">0</atprecis><attscale Sync="TRUE">0</attscale></attr><attr><attrlabl Sync="TRUE">DNSTRMRTMS</attrlabl><attalias Sync="TRUE">DNSTRMRTMS</attalias><attrtype Sync="TRUE">Integer</attrtype><attwidth Sync="TRUE">4</attwidth><atprecis Sync="TRUE">0</atprecis><attscale Sync="TRUE">0</attscale></attr><attr><attrlabl Sync="TRUE">ZNLNGTH</attrlabl><attalias Sync="TRUE">ZNLNGTH</attalias><attrtype Sync="TRUE">Double</attrtype><attwidth Sync="TRUE">8</attwidth><atprecis Sync="TRUE">0</atprecis><attscale Sync="TRUE">0</attscale></attr><attr><attrlabl Sync="TRUE">THEME_NAME</attrlabl><attalias Sync="TRUE">THEME_NAME</attalias><attrtype Sync="TRUE">String</attrtype><attwidth Sync="TRUE">11</attwidth><atprecis Sync="TRUE">0</atprecis><attscale Sync="TRUE">0</attscale></attr><attr><attrlabl Sync="TRUE">FEAT_LEN</attrlabl><attalias Sync="TRUE">FEAT_LEN</attalias><attrtype Sync="TRUE">Double</attrtype><attwidth Sync="TRUE">8</attwidth><atprecis Sync="TRUE">0</atprecis><attscale Sync="TRUE">0</attscale></attr><attr><attrlabl Sync="TRUE">OBJECTID</attrlabl><attalias Sync="TRUE">OBJECTID</attalias><attrtype Sync="TRUE">Double</attrtype><attwidth Sync="TRUE">8</attwidth><atprecis Sync="TRUE">0</atprecis><attscale Sync="TRUE">0</attscale></attr><attr><attrlabl Sync="TRUE">WATERSHED_FEATURE_ID</attrlabl><attalias Sync="TRUE">WATERSHED_FEATURE_ID</attalias><attrtype Sync="TRUE">Double</attrtype><attwidth Sync="TRUE">8</attwidth><atprecis Sync="TRUE">0</atprecis><attscale Sync="TRUE">0</attscale></attr><attr><attrlabl Sync="TRUE">WATERSHED_GROUP_ID</attrlabl><attalias Sync="TRUE">WATERSHED_GROUP_ID</attalias><attrtype Sync="TRUE">Double</attrtype><attwidth Sync="TRUE">8</attwidth><atprecis Sync="TRUE">0</atprecis><attscale Sync="TRUE">0</attscale></attr><attr><attrlabl Sync="TRUE">WATERSHED_TYPE</attrlabl><attalias Sync="TRUE">WATERSHED_TYPE</attalias><attrtype Sync="TRUE">String</attrtype><attwidth Sync="TRUE">1</attwidth><atprecis Sync="TRUE">0</atprecis><attscale Sync="TRUE">0</attscale></attr><attr><attrlabl Sync="TRUE">GNIS_ID_1</attrlabl><attalias Sync="TRUE">GNIS_ID_1</attalias><attrtype Sync="TRUE">Integer</attrtype><attwidth Sync="TRUE">4</attwidth><atprecis Sync="TRUE">0</atprecis><attscale Sync="TRUE">0</attscale></attr><attr><attrlabl Sync="TRUE">GNIS_NAME_1</attrlabl><attalias Sync="TRUE">GNIS_NAME_1</attalias><attrtype Sync="TRUE">String</attrtype><attwidth Sync="TRUE">80</attwidth><atprecis Sync="TRUE">0</atprecis><attscale Sync="TRUE">0</attscale></attr><attr><attrlabl Sync="TRUE">GNIS_ID_2</attrlabl><attalias Sync="TRUE">GNIS_ID_2</attalias><attrtype Sync="TRUE">Integer</attrtype><attwidth Sync="TRUE">4</attwidth><atprecis Sync="TRUE">0</atprecis><attscale Sync="TRUE">0</attscale></attr><attr><attrlabl Sync="TRUE">GNIS_NAME_2</attrlabl><attalias Sync="TRUE">GNIS_NAME_2</attalias><attrtype Sync="TRUE">String</attrtype><attwidth Sync="TRUE">80</attwidth><atprecis Sync="TRUE">0</atprecis><attscale Sync="TRUE">0</attscale></attr><attr><attrlabl Sync="TRUE">GNIS_ID_3</attrlabl><attalias Sync="TRUE">GNIS_ID_3</attalias><attrtype Sync="TRUE">Integer</attrtype><attwidth Sync="TRUE">4</attwidth><atprecis Sync="TRUE">0</atprecis><attscale Sync="TRUE">0</attscale></attr><attr><attrlabl Sync="TRUE">GNIS_NAME_3</attrlabl><attalias Sync="TRUE">GNIS_NAME_3</attalias><attrtype Sync="TRUE">String</attrtype><attwidth Sync="TRUE">80</attwidth><atprecis Sync="TRUE">0</atprecis><attscale Sync="TRUE">0</attscale></attr><attr><attrlabl Sync="TRUE">WATERBODY_ID</attrlabl><attalias Sync="TRUE">WATERBODY_ID</attalias><attrtype Sync="TRUE">Integer</attrtype><attwidth Sync="TRUE">4</attwidth><atprecis Sync="TRUE">0</atprecis><attscale Sync="TRUE">0</attscale></attr><attr><attrlabl Sync="TRUE">WATERBODY_KEY</attrlabl><attalias Sync="TRUE">WATERBODY_KEY</attalias><attrtype Sync="TRUE">Integer</attrtype><attwidth Sync="TRUE">4</attwidth><atprecis Sync="TRUE">0</atprecis><attscale Sync="TRUE">0</attscale></attr><attr><attrlabl Sync="TRUE">WATERSHED_KEY</attrlabl><attalias Sync="TRUE">WATERSHED_KEY</attalias><attrtype Sync="TRUE">Integer</attrtype><attwidth Sync="TRUE">4</attwidth><atprecis Sync="TRUE">0</atprecis><attscale Sync="TRUE">0</attscale></attr><attr><attrlabl Sync="TRUE">FWA_WATERSHED_CODE</attrlabl><attalias Sync="TRUE">FWA_WATERSHED_CODE</attalias><attrtype Sync="TRUE">String</attrtype><attwidth Sync="TRUE">143</attwidth><atprecis Sync="TRUE">0</atprecis><attscale Sync="TRUE">0</attscale></attr><attr><attrlabl Sync="TRUE">LOCAL_WATERSHED_CODE</attrlabl><attalias Sync="TRUE">LOCAL_WATERSHED_CODE</attalias><attrtype Sync="TRUE">String</attrtype><attwidth Sync="TRUE">143</attwidth><atprecis Sync="TRUE">0</atprecis><attscale Sync="TRUE">0</attscale></attr><attr><attrlabl Sync="TRUE">WATERSHED_GROUP_CODE</attrlabl><attalias Sync="TRUE">WATERSHED_GROUP_CODE</attalias><attrtype Sync="TRUE">String</attrtype><attwidth Sync="TRUE">4</attwidth><atprecis Sync="TRUE">0</atprecis><attscale Sync="TRUE">0</attscale></attr><attr><attrlabl Sync="TRUE">LEFT_RIGHT_TRIBUTARY</attrlabl><attalias Sync="TRUE">LEFT_RIGHT_TRIBUTARY</attalias><attrtype Sync="TRUE">String</attrtype><attwidth Sync="TRUE">7</attwidth><atprecis Sync="TRUE">0</atprecis><attscale Sync="TRUE">0</attscale></attr><attr><attrlabl Sync="TRUE">WATERSHED_ORDER</attrlabl><attalias Sync="TRUE">WATERSHED_ORDER</attalias><attrtype Sync="TRUE">Integer</attrtype><attwidth Sync="TRUE">4</attwidth><atprecis Sync="TRUE">0</atprecis><attscale Sync="TRUE">0</attscale></attr><attr><attrlabl Sync="TRUE">WATERSHED_MAGNITUDE</attrlabl><attalias Sync="TRUE">WATERSHED_MAGNITUDE</attalias><attrtype Sync="TRUE">Integer</attrtype><attwidth Sync="TRUE">4</attwidth><atprecis Sync="TRUE">0</atprecis><attscale Sync="TRUE">0</attscale></attr><attr><attrlabl Sync="TRUE">LOCAL_WATERSHED_ORDER</attrlabl><attalias Sync="TRUE">LOCAL_WATERSHED_ORDER</attalias><attrtype Sync="TRUE">Integer</attrtype><attwidth Sync="TRUE">4</attwidth><atprecis Sync="TRUE">0</atprecis><attscale Sync="TRUE">0</attscale></attr><attr><attrlabl Sync="TRUE">LOCAL_WATERSHED_MAGNITUDE</attrlabl><attalias Sync="TRUE">LOCAL_WATERSHED_MAGNITUDE</attalias><attrtype Sync="TRUE">Integer</attrtype><attwidth Sync="TRUE">4</attwidth><atprecis Sync="TRUE">0</atprecis><attscale Sync="TRUE">0</attscale></attr><attr><attrlabl Sync="TRUE">AREA_HA</attrlabl><attalias Sync="TRUE">AREA_HA</attalias><attrtype Sync="TRUE">Double</attrtype><attwidth Sync="TRUE">8</attwidth><atprecis Sync="TRUE">0</atprecis><attscale Sync="TRUE">0</attscale></attr><attr><attrlabl Sync="TRUE">FEATURE_CODE</attrlabl><attalias Sync="TRUE">FEATURE_CODE</attalias><attrtype Sync="TRUE">String</attrtype><attwidth Sync="TRUE">10</attwidth><atprecis Sync="TRUE">0</atprecis><attscale Sync="TRUE">0</attscale></attr><attr><attrlabl Sync="TRUE">OBJECTID_12</attrlabl><attalias Sync="TRUE">OBJECTID</attalias><attrtype Sync="TRUE">Integer</attrtype><attwidth Sync="TRUE">4</attwidth><atprecis Sync="TRUE">0</atprecis><attscale Sync="TRUE">0</attscale></attr><attr><attrlabl Sync="TRUE">FEATURE_AREA_SQM</attrlabl><attalias Sync="TRUE">FEATURE_AREA_SQM</attalias><attrtype Sync="TRUE">Double</attrtype><attwidth Sync="TRUE">8</attwidth><atprecis Sync="TRUE">0</atprecis><attscale Sync="TRUE">0</attscale></attr><attr><attrlabl Sync="TRUE">FEATURE_LENGTH_M</attrlabl><attalias Sync="TRUE">FEATURE_LENGTH_M</attalias><attrtype Sync="TRUE">Double</attrtype><attwidth Sync="TRUE">8</attwidth><atprecis Sync="TRUE">0</atprecis><attscale Sync="TRUE">0</attscale></attr><attr><attrlabl Sync="TRUE">GEOMETRY_AREA</attrlabl><attalias Sync="TRUE">GEOMETRY_AREA</attalias><attrtype Sync="TRUE">Double</attrtype><attwidth Sync="TRUE">8</attwidth><atprecis Sync="TRUE">0</atprecis><attscale Sync="TRUE">0</attscale></attr><attr><attrlabl Sync="TRUE">GEOMETRY_LEN</attrlabl><attalias Sync="TRUE">GEOMETRY_LEN</attalias><attrtype Sync="TRUE">Double</attrtype><attwidth Sync="TRUE">8</attwidth><atprecis Sync="TRUE">0</atprecis><attscale Sync="TRUE">0</attscale></attr><attr><attrlabl Sync="TRUE">fme_feature_type</attrlabl><attalias Sync="TRUE">fme_feature_type</attalias><attrtype Sync="TRUE">String</attrtype><attwidth Sync="TRUE">50</attwidth><atprecis Sync="TRUE">0</atprecis><attscale Sync="TRUE">0</attscale></attr><attr><attrlabl Sync="TRUE">FID_fwa_assessment_wsds_fraser_vimi</attrlabl><attalias Sync="TRUE">FID_fwa_assessment_wsds_fraser_vimi</attalias><attrtype Sync="TRUE">Integer</attrtype><attwidth Sync="TRUE">4</attwidth><atprecis Sync="TRUE">0</atprecis><attscale Sync="TRUE">0</attscale></attr><attr><attrlabl Sync="TRUE">OBJECTID_12_13</attrlabl><attalias Sync="TRUE">OBJECTID</attalias><attrtype Sync="TRUE">Integer</attrtype><attwidth Sync="TRUE">4</attwidth><atprecis Sync="TRUE">0</atprecis><attscale Sync="TRUE">0</attscale></attr><attr><attrlabl Sync="TRUE">WATERSHED_FEATURE_ID_1</attrlabl><attalias Sync="TRUE">WATERSHED_FEATURE_ID</attalias><attrtype Sync="TRUE">Double</attrtype><attwidth Sync="TRUE">8</attwidth><atprecis Sync="TRUE">0</atprecis><attscale Sync="TRUE">0</attscale></attr><attr><attrlabl Sync="TRUE">WATERSHED_GROUP_ID_1</attrlabl><attalias Sync="TRUE">WATERSHED_GROUP_ID</attalias><attrtype Sync="TRUE">Double</attrtype><attwidth Sync="TRUE">8</attwidth><atprecis Sync="TRUE">0</atprecis><attscale Sync="TRUE">0</attscale></attr><attr><attrlabl Sync="TRUE">WATERSHED_TYPE_1</attrlabl><attalias Sync="TRUE">WATERSHED_TYPE</attalias><attrtype Sync="TRUE">String</attrtype><attwidth Sync="TRUE">1</attwidth><atprecis Sync="TRUE">0</atprecis><attscale Sync="TRUE">0</attscale></attr><attr><attrlabl Sync="TRUE">GNIS_ID_12</attrlabl><attalias Sync="TRUE">GNIS_ID_1</attalias><attrtype Sync="TRUE">Integer</attrtype><attwidth Sync="TRUE">4</attwidth><atprecis Sync="TRUE">0</atprecis><attscale Sync="TRUE">0</attscale></attr><attr><attrlabl Sync="TRUE">GNIS_NAME_12</attrlabl><attalias Sync="TRUE">GNIS_NAME_1</attalias><attrtype Sync="TRUE">String</attrtype><attwidth Sync="TRUE">80</attwidth><atprecis Sync="TRUE">0</atprecis><attscale Sync="TRUE">0</attscale></attr><attr><attrlabl Sync="TRUE">GNIS_ID_23</attrlabl><attalias Sync="TRUE">GNIS_ID_2</attalias><attrtype Sync="TRUE">Integer</attrtype><attwidth Sync="TRUE">4</attwidth><atprecis Sync="TRUE">0</atprecis><attscale Sync="TRUE">0</attscale></attr><attr><attrlabl Sync="TRUE">GNIS_NAME_23</attrlabl><attalias Sync="TRUE">GNIS_NAME_2</attalias><attrtype Sync="TRUE">String</attrtype><attwidth Sync="TRUE">80</attwidth><atprecis Sync="TRUE">0</atprecis><attscale Sync="TRUE">0</attscale></attr><attr><attrlabl Sync="TRUE">GNIS_ID_34</attrlabl><attalias Sync="TRUE">GNIS_ID_3</attalias><attrtype Sync="TRUE">Integer</attrtype><attwidth Sync="TRUE">4</attwidth><atprecis Sync="TRUE">0</atprecis><attscale Sync="TRUE">0</attscale></attr><attr><attrlabl Sync="TRUE">GNIS_NAME_34</attrlabl><attalias Sync="TRUE">GNIS_NAME_3</attalias><attrtype Sync="TRUE">String</attrtype><attwidth Sync="TRUE">80</attwidth><atprecis Sync="TRUE">0</atprecis><attscale Sync="TRUE">0</attscale></attr><attr><attrlabl Sync="TRUE">WATERBODY_ID_1</attrlabl><attalias Sync="TRUE">WATERBODY_ID</attalias><attrtype Sync="TRUE">Integer</attrtype><attwidth Sync="TRUE">4</attwidth><atprecis Sync="TRUE">0</atprecis><attscale Sync="TRUE">0</attscale></attr><attr><attrlabl Sync="TRUE">WATERBODY_KEY_1</attrlabl><attalias Sync="TRUE">WATERBODY_KEY</attalias><attrtype Sync="TRUE">Integer</attrtype><attwidth Sync="TRUE">4</attwidth><atprecis Sync="TRUE">0</atprecis><attscale Sync="TRUE">0</attscale></attr><attr><attrlabl Sync="TRUE">WATERSHED_KEY_1</attrlabl><attalias Sync="TRUE">WATERSHED_KEY</attalias><attrtype Sync="TRUE">Integer</attrtype><attwidth Sync="TRUE">4</attwidth><atprecis Sync="TRUE">0</atprecis><attscale Sync="TRUE">0</attscale></attr><attr><attrlabl Sync="TRUE">FWA_WATERSHED_CODE_1</attrlabl><attalias Sync="TRUE">FWA_WATERSHED_CODE</attalias><attrtype Sync="TRUE">String</attrtype><attwidth Sync="TRUE">143</attwidth><atprecis Sync="TRUE">0</atprecis><attscale Sync="TRUE">0</attscale></attr><attr><attrlabl Sync="TRUE">LOCAL_WATERSHED_CODE_1</attrlabl><attalias Sync="TRUE">LOCAL_WATERSHED_CODE</attalias><attrtype Sync="TRUE">String</attrtype><attwidth Sync="TRUE">143</attwidth><atprecis Sync="TRUE">0</atprecis><attscale Sync="TRUE">0</attscale></attr><attr><attrlabl Sync="TRUE">WATERSHED_GROUP_CODE_1</attrlabl><attalias Sync="TRUE">WATERSHED_GROUP_CODE</attalias><attrtype Sync="TRUE">String</attrtype><attwidth Sync="TRUE">4</attwidth><atprecis Sync="TRUE">0</atprecis><attscale Sync="TRUE">0</attscale></attr><attr><attrlabl Sync="TRUE">LEFT_RIGHT_TRIBUTARY_1</attrlabl><attalias Sync="TRUE">LEFT_RIGHT_TRIBUTARY</attalias><attrtype Sync="TRUE">String</attrtype><attwidth Sync="TRUE">7</attwidth><atprecis Sync="TRUE">0</atprecis><attscale Sync="TRUE">0</attscale></attr><attr><attrlabl Sync="TRUE">WATERSHED_ORDER_1</attrlabl><attalias Sync="TRUE">WATERSHED_ORDER</attalias><attrtype Sync="TRUE">Integer</attrtype><attwidth Sync="TRUE">4</attwidth><atprecis Sync="TRUE">0</atprecis><attscale Sync="TRUE">0</attscale></attr><attr><attrlabl Sync="TRUE">WATERSHED_MAGNITUDE_1</attrlabl><attalias Sync="TRUE">WATERSHED_MAGNITUDE</attalias><attrtype Sync="TRUE">Integer</attrtype><attwidth Sync="TRUE">4</attwidth><atprecis Sync="TRUE">0</atprecis><attscale Sync="TRUE">0</attscale></attr><attr><attrlabl Sync="TRUE">LOCAL_WATERSHED_ORDER_1</attrlabl><attalias Sync="TRUE">LOCAL_WATERSHED_ORDER</attalias><attrtype Sync="TRUE">Integer</attrtype><attwidth Sync="TRUE">4</attwidth><atprecis Sync="TRUE">0</atprecis><attscale Sync="TRUE">0</attscale></attr><attr><attrlabl Sync="TRUE">LOCAL_WATERSHED_MAGNITUDE_1</attrlabl><attalias Sync="TRUE">LOCAL_WATERSHED_MAGNITUDE</attalias><attrtype Sync="TRUE">Integer</attrtype><attwidth Sync="TRUE">4</attwidth><atprecis Sync="TRUE">0</atprecis><attscale Sync="TRUE">0</attscale></attr><attr><attrlabl Sync="TRUE">AREA_HA_1</attrlabl><attalias Sync="TRUE">AREA_HA</attalias><attrtype Sync="TRUE">Double</attrtype><attwidth Sync="TRUE">8</attwidth><atprecis Sync="TRUE">0</atprecis><attscale Sync="TRUE">0</attscale></attr><attr><attrlabl Sync="TRUE">FEATURE_CODE_1</attrlabl><attalias Sync="TRUE">FEATURE_CODE</attalias><attrtype Sync="TRUE">String</attrtype><attwidth Sync="TRUE">10</attwidth><atprecis Sync="TRUE">0</atprecis><attscale Sync="TRUE">0</attscale></attr><attr><attrlabl Sync="TRUE">WTRSHD_FID</attrlabl><attalias Sync="TRUE">WTRSHD_FID</attalias><attrtype Sync="TRUE">Integer</attrtype><attwidth Sync="TRUE">4</attwidth><atprecis Sync="TRUE">0</atprecis><attscale Sync="TRUE">0</attscale></attr><attr><attrlabl Sync="TRUE">AREA_KM2</attrlabl><attalias Sync="TRUE">AREA_KM2</attalias><attrtype Sync="TRUE">Double</attrtype><attwidth Sync="TRUE">8</attwidth><atprecis Sync="TRUE">0</atprecis><attscale Sync="TRUE">0</attscale></attr><attr><attrlabl Sync="TRUE">ORIG_FID</attrlabl><attalias Sync="TRUE">ORIG_FID</attalias><attrtype Sync="TRUE">Integer</attrtype><attwidth Sync="TRUE">4</attwidth><atprecis Sync="TRUE">0</atprecis><attscale Sync="TRUE">0</attscale></attr><attr><attrlabl Sync="TRUE">FID_Add_Spawning_Distribution_SCVI</attrlabl><attalias Sync="TRUE">FID_Add_Spawning_Distribution_SCVI</attalias><attrtype Sync="TRUE">Integer</attrtype><attwidth Sync="TRUE">4</attwidth><atprecis Sync="TRUE">0</atprecis><attscale Sync="TRUE">0</attscale></attr><attr><attrlabl Sync="TRUE">StreamName</attrlabl><attalias Sync="TRUE">StreamName</attalias><attrtype Sync="TRUE">String</attrtype><attwidth Sync="TRUE">50</attwidth><atprecis Sync="TRUE">0</atprecis><attscale Sync="TRUE">0</attscale></attr><attr><attrlabl Sync="TRUE">Species</attrlabl><attalias Sync="TRUE">Species</attalias><attrtype Sync="TRUE">String</attrtype><attwidth Sync="TRUE">50</attwidth><atprecis Sync="TRUE">0</atprecis><attscale Sync="TRUE">0</attscale></attr><attr><attrlabl Sync="TRUE">ObservedOn</attrlabl><attalias Sync="TRUE">ObservedOn</attalias><attrtype Sync="TRUE">String</attrtype><attwidth Sync="TRUE">50</attwidth><atprecis Sync="TRUE">0</atprecis><attscale Sync="TRUE">0</attscale></attr><attr><attrlabl Sync="TRUE">Comment</attrlabl><attalias Sync="TRUE">Comment</attalias><attrtype Sync="TRUE">String</attrtype><attwidth Sync="TRUE">50</attwidth><atprecis Sync="TRUE">0</atprecis><attscale Sync="TRUE">0</attscale></attr><attr><attrlabl Sync="TRUE">AddedBy</attrlabl><attalias Sync="TRUE">AddedBy</attalias><attrtype Sync="TRUE">String</attrtype><attwidth Sync="TRUE">50</attwidth><atprecis Sync="TRUE">0</atprecis><attscale Sync="TRUE">0</attscale></attr><attr><attrlabl Sync="TRUE">GlobalID</attrlabl><attalias Sync="TRUE">GlobalID</attalias><attrtype Sync="TRUE">String</attrtype><attwidth Sync="TRUE">38</attwidth><atprecis Sync="TRUE">0</atprecis><attscale Sync="TRUE">0</attscale></attr><attr><attrlabl Sync="TRUE">CreationDa</attrlabl><attalias Sync="TRUE">CreationDa</attalias><attrtype Sync="TRUE">Date</attrtype><attwidth Sync="TRUE">8</attwidth><atprecis Sync="TRUE">0</atprecis><attscale Sync="TRUE">0</attscale></attr><attr><attrlabl Sync="TRUE">Creator</attrlabl><attalias Sync="TRUE">Creator</attalias><attrtype Sync="TRUE">String</attrtype><attwidth Sync="TRUE">128</attwidth><atprecis Sync="TRUE">0</atprecis><attscale Sync="TRUE">0</attscale></attr><attr><attrlabl Sync="TRUE">EditDate</attrlabl><attalias Sync="TRUE">EditDate</attalias><attrtype Sync="TRUE">Date</attrtype><attwidth Sync="TRUE">8</attwidth><atprecis Sync="TRUE">0</atprecis><attscale Sync="TRUE">0</attscale></attr><attr><attrlabl Sync="TRUE">Editor</attrlabl><attalias Sync="TRUE">Editor</attalias><attrtype Sync="TRUE">String</attrtype><attwidth Sync="TRUE">128</attwidth><atprecis Sync="TRUE">0</atprecis><attscale Sync="TRUE">0</attscale></attr><attr><attrlabl Sync="TRUE">FID_Add_Spawning_Distribution_Fraser</attrlabl><attalias Sync="TRUE">FID_Add_Spawning_Distribution_Fraser</attalias><attrtype Sync="TRUE">Integer</attrtype><attwidth Sync="TRUE">4</attwidth><atprecis Sync="TRUE">0</atprecis><attscale Sync="TRUE">0</attscale></attr><attr><attrlabl Sync="TRUE">Shape_Length</attrlabl><attalias Sync="TRUE">Shape_Length</attalias><attrtype Sync="TRUE">Double</attrtype><attwidth Sync="TRUE">8</attwidth><atprecis Sync="TRUE">0</atprecis><attscale Sync="TRUE">0</attscale><attrdef Sync="TRUE">Length of feature in internal units.</attrdef><attrdefs Sync="TRUE">Esri</attrdefs><attrdomv><udom Sync="TRUE">Positive real numbers that are automatically generated.</udom></attrdomv></attr></detailed></eainfo><mdDateSt Sync="TRUE">20191110</mdDateSt></metadata>
