<metadata xml:lang="en"><Esri><CreaDate>20210331</CreaDate><CreaTime>15231100</CreaTime><ArcGISFormat>1.0</ArcGISFormat><SyncOnce>FALSE</SyncOnce><DataProperties><itemProps><itemName Sync="TRUE">Coho_Salmon_CU_Boundary_En_2021</itemName><imsContentType Sync="TRUE">002</imsContentType><itemLocation><linkage Sync="TRUE">file://\\CRMLTD36\F\Crm2303_CU_Updates\Deliverables\20210407_UpdatedDeliverable\CU_SHAPEFILES\Coho_Salmon_CU_Boundary_En_2021.shp</linkage><protocol Sync="TRUE">Local Area Network</protocol></itemLocation><itemSize Sync="TRUE">0.000</itemSize></itemProps><coordRef><type Sync="TRUE">Geographic</type><geogcsn Sync="TRUE">GCS_North_American_1983</geogcsn><csUnits Sync="TRUE">Angular Unit: Degree (0.017453)</csUnits><peXml Sync="TRUE">&lt;GeographicCoordinateSystem xsi:type='typens:GeographicCoordinateSystem' xmlns:xsi='http://www.w3.org/2001/XMLSchema-instance' xmlns:xs='http://www.w3.org/2001/XMLSchema' xmlns:typens='http://www.esri.com/schemas/ArcGIS/2.7.0'&gt;&lt;WKT&gt;GEOGCS[&amp;quot;GCS_North_American_1983&amp;quot;,DATUM[&amp;quot;D_North_American_1983&amp;quot;,SPHEROID[&amp;quot;GRS_1980&amp;quot;,6378137.0,298.257222101]],PRIMEM[&amp;quot;Greenwich&amp;quot;,0.0],UNIT[&amp;quot;Degree&amp;quot;,0.0174532925199433],AUTHORITY[&amp;quot;EPSG&amp;quot;,4269]]&lt;/WKT&gt;&lt;XOrigin&gt;-400&lt;/XOrigin&gt;&lt;YOrigin&gt;-400&lt;/YOrigin&gt;&lt;XYScale&gt;11258999068426.238&lt;/XYScale&gt;&lt;ZOrigin&gt;-100000&lt;/ZOrigin&gt;&lt;ZScale&gt;10000&lt;/ZScale&gt;&lt;MOrigin&gt;-100000&lt;/MOrigin&gt;&lt;MScale&gt;10000&lt;/MScale&gt;&lt;XYTolerance&gt;8.9831528411952133e-09&lt;/XYTolerance&gt;&lt;ZTolerance&gt;0.001&lt;/ZTolerance&gt;&lt;MTolerance&gt;0.001&lt;/MTolerance&gt;&lt;HighPrecision&gt;true&lt;/HighPrecision&gt;&lt;LeftLongitude&gt;-180&lt;/LeftLongitude&gt;&lt;WKID&gt;4269&lt;/WKID&gt;&lt;LatestWKID&gt;4269&lt;/LatestWKID&gt;&lt;/GeographicCoordinateSystem&gt;</peXml></coordRef><lineage><Process ToolSource="c:\esri\arcgis\Resources\ArcToolbox\toolboxes\Data Management Tools.tbx\CopyFeatures" Date="20200622" Time="114830">CopyFeatures F:\F\Crm2303_CU_Updates\Source\20200622_FWA\FWA_ASSESSMENT_WATERSHEDS_POLY\FWA_ASS_WS_polygon.shp F:\F\Crm2303_CU_Updates\Projects\SalmonCU\SalmonCU.gdb\FWA_ASS_WS_polygon # # # #</Process><Process ToolSource="c:\esri\arcgis\Resources\ArcToolbox\toolboxes\Data Management Tools.tbx\Rename" Date="20200622" Time="132033">Rename F:\F\Crm2303_CU_Updates\Projects\SalmonCU\SalmonCU.gdb\FWA_ASS_WS_polygon F:\F\Crm2303_CU_Updates\Projects\SalmonCU\SalmonCU.gdb\FWA_ASS_WS FeatureClass</Process><Process ToolSource="c:\esri\arcgis\Resources\ArcToolbox\toolboxes\Analysis Tools.tbx\SpatialJoin" Date="20200803" Time="180939">SpatialJoin F:\F\Crm2303_CU_Updates\Projects\SalmonCU\SalmonCU.gdb\FWA_ASS_WS "Coho Original\Coho_Salmon_CU_Boundary_En" F:\F\Crm2303_CU_Updates\Projects\SalmonCU\Coho_AssWS.gdb\Coho_AssWS_SJ "Join one to many" KEEP_ALL "WTRSHD_FID "WTRSHD_FID" true true false 8 Double 0 0,First,#,F:\F\Crm2303_CU_Updates\Projects\SalmonCU\SalmonCU.gdb\FWA_ASS_WS,WTRSHD_FID,-1,-1;WTRSHD_GRI "WTRSHD_GRI" true true false 8 Double 0 0,First,#,F:\F\Crm2303_CU_Updates\Projects\SalmonCU\SalmonCU.gdb\FWA_ASS_WS,WTRSHD_GRI,-1,-1;WTRSHD_TY "WTRSHD_TY" true true false 1 Text 0 0,First,#,F:\F\Crm2303_CU_Updates\Projects\SalmonCU\SalmonCU.gdb\FWA_ASS_WS,WTRSHD_TY,0,1;GNIS_ID_1 "GNIS_ID_1" true true false 8 Double 0 0,First,#,F:\F\Crm2303_CU_Updates\Projects\SalmonCU\SalmonCU.gdb\FWA_ASS_WS,GNIS_ID_1,-1,-1;GNIS_NM_1 "GNIS_NM_1" true true false 80 Text 0 0,First,#,F:\F\Crm2303_CU_Updates\Projects\SalmonCU\SalmonCU.gdb\FWA_ASS_WS,GNIS_NM_1,0,80;GNIS_ID_2 "GNIS_ID_2" true true false 8 Double 0 0,First,#,F:\F\Crm2303_CU_Updates\Projects\SalmonCU\SalmonCU.gdb\FWA_ASS_WS,GNIS_ID_2,-1,-1;GNIS_NM_2 "GNIS_NM_2" true true false 80 Text 0 0,First,#,F:\F\Crm2303_CU_Updates\Projects\SalmonCU\SalmonCU.gdb\FWA_ASS_WS,GNIS_NM_2,0,80;GNIS_ID_3 "GNIS_ID_3" true true false 8 Double 0 0,First,#,F:\F\Crm2303_CU_Updates\Projects\SalmonCU\SalmonCU.gdb\FWA_ASS_WS,GNIS_ID_3,-1,-1;GNIS_NM_3 "GNIS_NM_3" true true false 80 Text 0 0,First,#,F:\F\Crm2303_CU_Updates\Projects\SalmonCU\SalmonCU.gdb\FWA_ASS_WS,GNIS_NM_3,0,80;WTRBD_ID "WTRBD_ID" true true false 8 Double 0 0,First,#,F:\F\Crm2303_CU_Updates\Projects\SalmonCU\SalmonCU.gdb\FWA_ASS_WS,WTRBD_ID,-1,-1;WTRBD_KEY "WTRBD_KEY" true true false 8 Double 0 0,First,#,F:\F\Crm2303_CU_Updates\Projects\SalmonCU\SalmonCU.gdb\FWA_ASS_WS,WTRBD_KEY,-1,-1;WTRSHD_KEY "WTRSHD_KEY" true true false 8 Double 0 0,First,#,F:\F\Crm2303_CU_Updates\Projects\SalmonCU\SalmonCU.gdb\FWA_ASS_WS,WTRSHD_KEY,-1,-1;WTRSHD_CD "WTRSHD_CD" true true false 143 Text 0 0,First,#,F:\F\Crm2303_CU_Updates\Projects\SalmonCU\SalmonCU.gdb\FWA_ASS_WS,WTRSHD_CD,0,143;L_WTRSHD_C "L_WTRSHD_C" true true false 143 Text 0 0,First,#,F:\F\Crm2303_CU_Updates\Projects\SalmonCU\SalmonCU.gdb\FWA_ASS_WS,L_WTRSHD_C,0,143;WTRSHD_GRC "WTRSHD_GRC" true true false 4 Text 0 0,First,#,F:\F\Crm2303_CU_Updates\Projects\SalmonCU\SalmonCU.gdb\FWA_ASS_WS,WTRSHD_GRC,0,4;LFT_RGHT_T "LFT_RGHT_T" true true false 7 Text 0 0,First,#,F:\F\Crm2303_CU_Updates\Projects\SalmonCU\SalmonCU.gdb\FWA_ASS_WS,LFT_RGHT_T,0,7;WTRSHD_OR "WTRSHD_OR" true true false 8 Double 0 0,First,#,F:\F\Crm2303_CU_Updates\Projects\SalmonCU\SalmonCU.gdb\FWA_ASS_WS,WTRSHD_OR,-1,-1;WTRSHD_MAG "WTRSHD_MAG" true true false 8 Double 0 0,First,#,F:\F\Crm2303_CU_Updates\Projects\SalmonCU\SalmonCU.gdb\FWA_ASS_WS,WTRSHD_MAG,-1,-1;L_WTRSHD_O "L_WTRSHD_O" true true false 8 Double 0 0,First,#,F:\F\Crm2303_CU_Updates\Projects\SalmonCU\SalmonCU.gdb\FWA_ASS_WS,L_WTRSHD_O,-1,-1;L_WTRSHD_M "L_WTRSHD_M" true true false 8 Double 0 0,First,#,F:\F\Crm2303_CU_Updates\Projects\SalmonCU\SalmonCU.gdb\FWA_ASS_WS,L_WTRSHD_M,-1,-1;AREA_HA "AREA_HA" true true false 8 Double 0 0,First,#,F:\F\Crm2303_CU_Updates\Projects\SalmonCU\SalmonCU.gdb\FWA_ASS_WS,AREA_HA,-1,-1;F_CODE "F_CODE" true true false 10 Text 0 0,First,#,F:\F\Crm2303_CU_Updates\Projects\SalmonCU\SalmonCU.gdb\FWA_ASS_WS,F_CODE,0,10;OBJECTID "OBJECTID" true true false 8 Double 0 0,First,#,F:\F\Crm2303_CU_Updates\Projects\SalmonCU\SalmonCU.gdb\FWA_ASS_WS,OBJECTID,-1,-1;AREA_SQM "AREA_SQM" true true false 8 Double 0 0,First,#,F:\F\Crm2303_CU_Updates\Projects\SalmonCU\SalmonCU.gdb\FWA_ASS_WS,AREA_SQM,-1,-1;FEAT_LEN "FEAT_LEN" true true false 8 Double 0 0,First,#,F:\F\Crm2303_CU_Updates\Projects\SalmonCU\SalmonCU.gdb\FWA_ASS_WS,FEAT_LEN,-1,-1;Shape_Length "Shape_Length" false true true 8 Double 0 0,First,#,F:\F\Crm2303_CU_Updates\Projects\SalmonCU\SalmonCU.gdb\FWA_ASS_WS,Shape_Length,-1,-1;Shape_Area "Shape_Area" false true true 8 Double 0 0,First,#,F:\F\Crm2303_CU_Updates\Projects\SalmonCU\SalmonCU.gdb\FWA_ASS_WS,Shape_Area,-1,-1;CU_NAME "CU_NAME" true true false 254 Text 0 0,First,#,Coho Original\Coho_Salmon_CU_Boundary_En,CU_NAME,0,254;FULL_CU_IN "FULL_CU_IN" true true false 254 Text 0 0,First,#,Coho Original\Coho_Salmon_CU_Boundary_En,FULL_CU_IN,0,254;SP_QUAL "SP_QUAL" true true false 50 Text 0 0,First,#,Coho Original\Coho_Salmon_CU_Boundary_En,SP_QUAL,0,50;CU_TYPE "CU_TYPE" true true false 50 Text 0 0,First,#,Coho Original\Coho_Salmon_CU_Boundary_En,CU_TYPE,0,50;CU_ACRO "CU_ACRO" true true false 100 Text 0 0,First,#,Coho Original\Coho_Salmon_CU_Boundary_En,CU_ACRO,0,100;Shape_Length_1 "Shape_Length" false true true 8 Double 0 0,First,#,Coho Original\Coho_Salmon_CU_Boundary_En,Shape_Length,-1,-1;Shape_Area_1 "Shape_Area" false true true 8 Double 0 0,First,#,Coho Original\Coho_Salmon_CU_Boundary_En,Shape_Area,-1,-1" Intersect # #</Process><Process ToolSource="c:\esri\arcgis\Resources\ArcToolbox\toolboxes\Analysis Tools.tbx\Select" Date="20200803" Time="181324">Select Coho_AssWS_SJ F:\F\Crm2303_CU_Updates\Projects\SalmonCU\Coho_AssWS.gdb\CO_1 " "FULL_CU_IN" = 'CO-1' "</Process><Process ToolSource="c:\esri\arcgis\Resources\ArcToolbox\toolboxes\Data Management Tools.tbx\Dissolve" Date="20200803" Time="182130">Dissolve CO_1 F:\F\Crm2303_CU_Updates\Projects\SalmonCU\Coho_Final.gdb\CO_1 CU_NAME;FULL_CU_IN;SP_QUAL;CU_TYPE;CU_ACRO # SINGLE_PART DISSOLVE_LINES</Process><Process ToolSource="c:\esri\arcgis\Resources\ArcToolbox\toolboxes\Data Management Tools.tbx\Merge" Date="20200909" Time="115708">Merge F:\F\Crm2303_CU_Updates\Projects\SalmonCU\Coho_Final.gdb\CO_1;F:\F\Crm2303_CU_Updates\Projects\SalmonCU\Coho_Final.gdb\CO_4;F:\F\Crm2303_CU_Updates\Projects\SalmonCU\Coho_Final.gdb\CO_5;F:\F\Crm2303_CU_Updates\Projects\SalmonCU\Coho_Final.gdb\CO_7;F:\F\Crm2303_CU_Updates\Projects\SalmonCU\Coho_Final.gdb\CO_8;F:\F\Crm2303_CU_Updates\Projects\SalmonCU\Coho_Final.gdb\CO_9;F:\F\Crm2303_CU_Updates\Projects\SalmonCU\Coho_Final.gdb\CO_10;F:\F\Crm2303_CU_Updates\Projects\SalmonCU\Coho_Final.gdb\CO_11;F:\F\Crm2303_CU_Updates\Projects\SalmonCU\Coho_Final.gdb\CO_12;F:\F\Crm2303_CU_Updates\Projects\SalmonCU\Coho_Final.gdb\CO_13;F:\F\Crm2303_CU_Updates\Projects\SalmonCU\Coho_Final.gdb\CO_14;F:\F\Crm2303_CU_Updates\Projects\SalmonCU\Coho_Final.gdb\CO_15;F:\F\Crm2303_CU_Updates\Projects\SalmonCU\Coho_Final.gdb\CO_16;F:\F\Crm2303_CU_Updates\Projects\SalmonCU\Coho_Final.gdb\CO_17;F:\F\Crm2303_CU_Updates\Projects\SalmonCU\Coho_Final.gdb\CO_18;F:\F\Crm2303_CU_Updates\Projects\SalmonCU\Coho_Final.gdb\CO_19;F:\F\Crm2303_CU_Updates\Projects\SalmonCU\Coho_Final.gdb\CO_20;F:\F\Crm2303_CU_Updates\Projects\SalmonCU\Coho_Final.gdb\CO_21;F:\F\Crm2303_CU_Updates\Projects\SalmonCU\Coho_Final.gdb\CO_22;F:\F\Crm2303_CU_Updates\Projects\SalmonCU\Coho_Final.gdb\CO_23;F:\F\Crm2303_CU_Updates\Projects\SalmonCU\Coho_Final.gdb\CO_24;F:\F\Crm2303_CU_Updates\Projects\SalmonCU\Coho_Final.gdb\CO_25;F:\F\Crm2303_CU_Updates\Projects\SalmonCU\Coho_Final.gdb\CO_26;F:\F\Crm2303_CU_Updates\Projects\SalmonCU\Coho_Final.gdb\CO_27;F:\F\Crm2303_CU_Updates\Projects\SalmonCU\Coho_Final.gdb\CO_29;F:\F\Crm2303_CU_Updates\Projects\SalmonCU\Coho_Final.gdb\CO_30;F:\F\Crm2303_CU_Updates\Projects\SalmonCU\Coho_Final.gdb\CO_31;F:\F\Crm2303_CU_Updates\Projects\SalmonCU\Coho_Final.gdb\CO_32;F:\F\Crm2303_CU_Updates\Projects\SalmonCU\Coho_Final.gdb\CO_33;F:\F\Crm2303_CU_Updates\Projects\SalmonCU\Coho_Final.gdb\CO_34;F:\F\Crm2303_CU_Updates\Projects\SalmonCU\Coho_Final.gdb\CO_35;F:\F\Crm2303_CU_Updates\Projects\SalmonCU\Coho_Final.gdb\CO_36;F:\F\Crm2303_CU_Updates\Projects\SalmonCU\Coho_Final.gdb\CO_37;F:\F\Crm2303_CU_Updates\Projects\SalmonCU\Coho_Final.gdb\CO_38;F:\F\Crm2303_CU_Updates\Projects\SalmonCU\Coho_Final.gdb\CO_39;F:\F\Crm2303_CU_Updates\Projects\SalmonCU\Coho_Final.gdb\CO_40;F:\F\Crm2303_CU_Updates\Projects\SalmonCU\Coho_Final.gdb\CO_41;F:\F\Crm2303_CU_Updates\Projects\SalmonCU\Coho_Final.gdb\CO_42;F:\F\Crm2303_CU_Updates\Projects\SalmonCU\Coho_Final.gdb\CO_43;F:\F\Crm2303_CU_Updates\Projects\SalmonCU\Coho_Final.gdb\CO_44;F:\F\Crm2303_CU_Updates\Projects\SalmonCU\Coho_Final.gdb\CO_47;F:\F\Crm2303_CU_Updates\Projects\SalmonCU\Coho_Final.gdb\CO_48 F:\F\Crm2303_CU_Updates\Projects\SalmonCU\Coho_Final.gdb\CO_CU_2020 "CU_NAME "CU_NAME" true true false 254 Text 0 0,First,#,F:\F\Crm2303_CU_Updates\Projects\SalmonCU\Coho_Final.gdb\CO_1,CU_NAME,0,254,F:\F\Crm2303_CU_Updates\Projects\SalmonCU\Coho_Final.gdb\CO_4,CU_NAME,0,254,F:\F\Crm2303_CU_Updates\Projects\SalmonCU\Coho_Final.gdb\CO_5,CU_NAME,0,254,F:\F\Crm2303_CU_Updates\Projects\SalmonCU\Coho_Final.gdb\CO_7,CU_NAME,0,254,F:\F\Crm2303_CU_Updates\Projects\SalmonCU\Coho_Final.gdb\CO_8,CU_NAME,0,254,F:\F\Crm2303_CU_Updates\Projects\SalmonCU\Coho_Final.gdb\CO_9,CU_NAME,0,254,F:\F\Crm2303_CU_Updates\Projects\SalmonCU\Coho_Final.gdb\CO_10,CU_NAME,0,254,F:\F\Crm2303_CU_Updates\Projects\SalmonCU\Coho_Final.gdb\CO_11,CU_NAME,0,254,F:\F\Crm2303_CU_Updates\Projects\SalmonCU\Coho_Final.gdb\CO_12,CU_NAME,0,254,F:\F\Crm2303_CU_Updates\Projects\SalmonCU\Coho_Final.gdb\CO_13,CU_NAME,0,254,F:\F\Crm2303_CU_Updates\Projects\SalmonCU\Coho_Final.gdb\CO_14,CU_NAME,0,254,F:\F\Crm2303_CU_Updates\Projects\SalmonCU\Coho_Final.gdb\CO_15,CU_NAME,0,254,F:\F\Crm2303_CU_Updates\Projects\SalmonCU\Coho_Final.gdb\CO_16,CU_NAME,0,254,F:\F\Crm2303_CU_Updates\Projects\SalmonCU\Coho_Final.gdb\CO_17,CU_NAME,0,254,F:\F\Crm2303_CU_Updates\Projects\SalmonCU\Coho_Final.gdb\CO_18,CU_NAME,0,254,F:\F\Crm2303_CU_Updates\Projects\SalmonCU\Coho_Final.gdb\CO_19,CU_NAME,0,254,F:\F\Crm2303_CU_Updates\Projects\SalmonCU\Coho_Final.gdb\CO_20,CU_NAME,0,254,F:\F\Crm2303_CU_Updates\Projects\SalmonCU\Coho_Final.gdb\CO_21,CU_NAME,0,254,F:\F\Crm2303_CU_Updates\Projects\SalmonCU\Coho_Final.gdb\CO_22,CU_NAME,0,254,F:\F\Crm2303_CU_Updates\Projects\SalmonCU\Coho_Final.gdb\CO_23,CU_NAME,0,254,F:\F\Crm2303_CU_Updates\Projects\SalmonCU\Coho_Final.gdb\CO_24,CU_NAME,0,254,F:\F\Crm2303_CU_Updates\Projects\SalmonCU\Coho_Final.gdb\CO_25,CU_NAME,0,254,F:\F\Crm2303_CU_Updates\Projects\SalmonCU\Coho_Final.gdb\CO_26,CU_NAME,0,254,F:\F\Crm2303_CU_Updates\Projects\SalmonCU\Coho_Final.gdb\CO_27,CU_NAME,0,254,F:\F\Crm2303_CU_Updates\Projects\SalmonCU\Coho_Final.gdb\CO_29,CU_NAME,0,254,F:\F\Crm2303_CU_Updates\Projects\SalmonCU\Coho_Final.gdb\CO_30,CU_NAME,0,254,F:\F\Crm2303_CU_Updates\Projects\SalmonCU\Coho_Final.gdb\CO_31,CU_NAME,0,254,F:\F\Crm2303_CU_Updates\Projects\SalmonCU\Coho_Final.gdb\CO_32,CU_NAME,0,254,F:\F\Crm2303_CU_Updates\Projects\SalmonCU\Coho_Final.gdb\CO_33,CU_NAME,0,254,F:\F\Crm2303_CU_Updates\Projects\SalmonCU\Coho_Final.gdb\CO_34,CU_NAME,0,254,F:\F\Crm2303_CU_Updates\Projects\SalmonCU\Coho_Final.gdb\CO_35,CU_NAME,0,254,F:\F\Crm2303_CU_Updates\Projects\SalmonCU\Coho_Final.gdb\CO_36,CU_NAME,0,254,F:\F\Crm2303_CU_Updates\Projects\SalmonCU\Coho_Final.gdb\CO_37,CU_NAME,0,254,F:\F\Crm2303_CU_Updates\Projects\SalmonCU\Coho_Final.gdb\CO_38,CU_NAME,0,254,F:\F\Crm2303_CU_Updates\Projects\SalmonCU\Coho_Final.gdb\CO_39,CU_NAME,0,254,F:\F\Crm2303_CU_Updates\Projects\SalmonCU\Coho_Final.gdb\CO_40,CU_NAME,0,254,F:\F\Crm2303_CU_Updates\Projects\SalmonCU\Coho_Final.gdb\CO_41,CU_NAME,0,254,F:\F\Crm2303_CU_Updates\Projects\SalmonCU\Coho_Final.gdb\CO_42,CU_NAME,0,254,F:\F\Crm2303_CU_Updates\Projects\SalmonCU\Coho_Final.gdb\CO_43,CU_NAME,0,254,F:\F\Crm2303_CU_Updates\Projects\SalmonCU\Coho_Final.gdb\CO_44,CU_NAME,0,254,F:\F\Crm2303_CU_Updates\Projects\SalmonCU\Coho_Final.gdb\CO_47,CU_NAME,0,254,F:\F\Crm2303_CU_Updates\Projects\SalmonCU\Coho_Final.gdb\CO_48,CU_NAME,0,254;FULL_CU_IN "FULL_CU_IN" true true false 254 Text 0 0,First,#,F:\F\Crm2303_CU_Updates\Projects\SalmonCU\Coho_Final.gdb\CO_1,FULL_CU_IN,0,254,F:\F\Crm2303_CU_Updates\Projects\SalmonCU\Coho_Final.gdb\CO_4,FULL_CU_IN,0,254,F:\F\Crm2303_CU_Updates\Projects\SalmonCU\Coho_Final.gdb\CO_5,FULL_CU_IN,0,254,F:\F\Crm2303_CU_Updates\Projects\SalmonCU\Coho_Final.gdb\CO_7,FULL_CU_IN,0,254,F:\F\Crm2303_CU_Updates\Projects\SalmonCU\Coho_Final.gdb\CO_8,FULL_CU_IN,0,254,F:\F\Crm2303_CU_Updates\Projects\SalmonCU\Coho_Final.gdb\CO_9,FULL_CU_IN,0,254,F:\F\Crm2303_CU_Updates\Projects\SalmonCU\Coho_Final.gdb\CO_10,FULL_CU_IN,0,254,F:\F\Crm2303_CU_Updates\Projects\SalmonCU\Coho_Final.gdb\CO_11,FULL_CU_IN,0,254,F:\F\Crm2303_CU_Updates\Projects\SalmonCU\Coho_Final.gdb\CO_12,FULL_CU_IN,0,254,F:\F\Crm2303_CU_Updates\Projects\SalmonCU\Coho_Final.gdb\CO_13,FULL_CU_IN,0,254,F:\F\Crm2303_CU_Updates\Projects\SalmonCU\Coho_Final.gdb\CO_14,FULL_CU_IN,0,254,F:\F\Crm2303_CU_Updates\Projects\SalmonCU\Coho_Final.gdb\CO_15,FULL_CU_IN,0,254,F:\F\Crm2303_CU_Updates\Projects\SalmonCU\Coho_Final.gdb\CO_16,FULL_CU_IN,0,254,F:\F\Crm2303_CU_Updates\Projects\SalmonCU\Coho_Final.gdb\CO_17,FULL_CU_IN,0,254,F:\F\Crm2303_CU_Updates\Projects\SalmonCU\Coho_Final.gdb\CO_18,FULL_CU_IN,0,254,F:\F\Crm2303_CU_Updates\Projects\SalmonCU\Coho_Final.gdb\CO_19,FULL_CU_IN,0,254,F:\F\Crm2303_CU_Updates\Projects\SalmonCU\Coho_Final.gdb\CO_20,FULL_CU_IN,0,254,F:\F\Crm2303_CU_Updates\Projects\SalmonCU\Coho_Final.gdb\CO_21,FULL_CU_IN,0,254,F:\F\Crm2303_CU_Updates\Projects\SalmonCU\Coho_Final.gdb\CO_22,FULL_CU_IN,0,254,F:\F\Crm2303_CU_Updates\Projects\SalmonCU\Coho_Final.gdb\CO_23,FULL_CU_IN,0,254,F:\F\Crm2303_CU_Updates\Projects\SalmonCU\Coho_Final.gdb\CO_24,FULL_CU_IN,0,254,F:\F\Crm2303_CU_Updates\Projects\SalmonCU\Coho_Final.gdb\CO_25,FULL_CU_IN,0,254,F:\F\Crm2303_CU_Updates\Projects\SalmonCU\Coho_Final.gdb\CO_26,FULL_CU_IN,0,254,F:\F\Crm2303_CU_Updates\Projects\SalmonCU\Coho_Final.gdb\CO_27,FULL_CU_IN,0,254,F:\F\Crm2303_CU_Updates\Projects\SalmonCU\Coho_Final.gdb\CO_29,FULL_CU_IN,0,254,F:\F\Crm2303_CU_Updates\Projects\SalmonCU\Coho_Final.gdb\CO_30,FULL_CU_IN,0,254,F:\F\Crm2303_CU_Updates\Projects\SalmonCU\Coho_Final.gdb\CO_31,FULL_CU_IN,0,254,F:\F\Crm2303_CU_Updates\Projects\SalmonCU\Coho_Final.gdb\CO_32,FULL_CU_IN,0,254,F:\F\Crm2303_CU_Updates\Projects\SalmonCU\Coho_Final.gdb\CO_33,FULL_CU_IN,0,254,F:\F\Crm2303_CU_Updates\Projects\SalmonCU\Coho_Final.gdb\CO_34,FULL_CU_IN,0,254,F:\F\Crm2303_CU_Updates\Projects\SalmonCU\Coho_Final.gdb\CO_35,FULL_CU_IN,0,254,F:\F\Crm2303_CU_Updates\Projects\SalmonCU\Coho_Final.gdb\CO_36,FULL_CU_IN,0,254,F:\F\Crm2303_CU_Updates\Projects\SalmonCU\Coho_Final.gdb\CO_37,FULL_CU_IN,0,254,F:\F\Crm2303_CU_Updates\Projects\SalmonCU\Coho_Final.gdb\CO_38,FULL_CU_IN,0,254,F:\F\Crm2303_CU_Updates\Projects\SalmonCU\Coho_Final.gdb\CO_39,FULL_CU_IN,0,254,F:\F\Crm2303_CU_Updates\Projects\SalmonCU\Coho_Final.gdb\CO_40,FULL_CU_IN,0,254,F:\F\Crm2303_CU_Updates\Projects\SalmonCU\Coho_Final.gdb\CO_41,FULL_CU_IN,0,254,F:\F\Crm2303_CU_Updates\Projects\SalmonCU\Coho_Final.gdb\CO_42,FULL_CU_IN,0,254,F:\F\Crm2303_CU_Updates\Projects\SalmonCU\Coho_Final.gdb\CO_43,FULL_CU_IN,0,254,F:\F\Crm2303_CU_Updates\Projects\SalmonCU\Coho_Final.gdb\CO_44,FULL_CU_IN,0,254,F:\F\Crm2303_CU_Updates\Projects\SalmonCU\Coho_Final.gdb\CO_47,FULL_CU_IN,0,254,F:\F\Crm2303_CU_Updates\Projects\SalmonCU\Coho_Final.gdb\CO_48,FULL_CU_IN,0,254;SP_QUAL "SP_QUAL" true true false 50 Text 0 0,First,#,F:\F\Crm2303_CU_Updates\Projects\SalmonCU\Coho_Final.gdb\CO_1,SP_QUAL,0,50,F:\F\Crm2303_CU_Updates\Projects\SalmonCU\Coho_Final.gdb\CO_4,SP_QUAL,0,50,F:\F\Crm2303_CU_Updates\Projects\SalmonCU\Coho_Final.gdb\CO_5,SP_QUAL,0,50,F:\F\Crm2303_CU_Updates\Projects\SalmonCU\Coho_Final.gdb\CO_7,SP_QUAL,0,50,F:\F\Crm2303_CU_Updates\Projects\SalmonCU\Coho_Final.gdb\CO_8,SP_QUAL,0,50,F:\F\Crm2303_CU_Updates\Projects\SalmonCU\Coho_Final.gdb\CO_9,SP_QUAL,0,50,F:\F\Crm2303_CU_Updates\Projects\SalmonCU\Coho_Final.gdb\CO_10,SP_QUAL,0,50,F:\F\Crm2303_CU_Updates\Projects\SalmonCU\Coho_Final.gdb\CO_11,SP_QUAL,0,50,F:\F\Crm2303_CU_Updates\Projects\SalmonCU\Coho_Final.gdb\CO_12,SP_QUAL,0,50,F:\F\Crm2303_CU_Updates\Projects\SalmonCU\Coho_Final.gdb\CO_13,SP_QUAL,0,50,F:\F\Crm2303_CU_Updates\Projects\SalmonCU\Coho_Final.gdb\CO_14,SP_QUAL,0,50,F:\F\Crm2303_CU_Updates\Projects\SalmonCU\Coho_Final.gdb\CO_15,SP_QUAL,0,50,F:\F\Crm2303_CU_Updates\Projects\SalmonCU\Coho_Final.gdb\CO_16,SP_QUAL,0,50,F:\F\Crm2303_CU_Updates\Projects\SalmonCU\Coho_Final.gdb\CO_17,SP_QUAL,0,50,F:\F\Crm2303_CU_Updates\Projects\SalmonCU\Coho_Final.gdb\CO_18,SP_QUAL,0,50,F:\F\Crm2303_CU_Updates\Projects\SalmonCU\Coho_Final.gdb\CO_19,SP_QUAL,0,50,F:\F\Crm2303_CU_Updates\Projects\SalmonCU\Coho_Final.gdb\CO_20,SP_QUAL,0,50,F:\F\Crm2303_CU_Updates\Projects\SalmonCU\Coho_Final.gdb\CO_21,SP_QUAL,0,50,F:\F\Crm2303_CU_Updates\Projects\SalmonCU\Coho_Final.gdb\CO_22,SP_QUAL,0,50,F:\F\Crm2303_CU_Updates\Projects\SalmonCU\Coho_Final.gdb\CO_23,SP_QUAL,0,50,F:\F\Crm2303_CU_Updates\Projects\SalmonCU\Coho_Final.gdb\CO_24,SP_QUAL,0,50,F:\F\Crm2303_CU_Updates\Projects\SalmonCU\Coho_Final.gdb\CO_25,SP_QUAL,0,50,F:\F\Crm2303_CU_Updates\Projects\SalmonCU\Coho_Final.gdb\CO_26,SP_QUAL,0,50,F:\F\Crm2303_CU_Updates\Projects\SalmonCU\Coho_Final.gdb\CO_27,SP_QUAL,0,50,F:\F\Crm2303_CU_Updates\Projects\SalmonCU\Coho_Final.gdb\CO_29,SP_QUAL,0,50,F:\F\Crm2303_CU_Updates\Projects\SalmonCU\Coho_Final.gdb\CO_30,SP_QUAL,0,50,F:\F\Crm2303_CU_Updates\Projects\SalmonCU\Coho_Final.gdb\CO_31,SP_QUAL,0,50,F:\F\Crm2303_CU_Updates\Projects\SalmonCU\Coho_Final.gdb\CO_32,SP_QUAL,0,50,F:\F\Crm2303_CU_Updates\Projects\SalmonCU\Coho_Final.gdb\CO_33,SP_QUAL,0,50,F:\F\Crm2303_CU_Updates\Projects\SalmonCU\Coho_Final.gdb\CO_34,SP_QUAL,0,50,F:\F\Crm2303_CU_Updates\Projects\SalmonCU\Coho_Final.gdb\CO_35,SP_QUAL,0,50,F:\F\Crm2303_CU_Updates\Projects\SalmonCU\Coho_Final.gdb\CO_36,SP_QUAL,0,50,F:\F\Crm2303_CU_Updates\Projects\SalmonCU\Coho_Final.gdb\CO_37,SP_QUAL,0,50,F:\F\Crm2303_CU_Updates\Projects\SalmonCU\Coho_Final.gdb\CO_38,SP_QUAL,0,50,F:\F\Crm2303_CU_Updates\Projects\SalmonCU\Coho_Final.gdb\CO_39,SP_QUAL,0,50,F:\F\Crm2303_CU_Updates\Projects\SalmonCU\Coho_Final.gdb\CO_40,SP_QUAL,0,50,F:\F\Crm2303_CU_Updates\Projects\SalmonCU\Coho_Final.gdb\CO_41,SP_QUAL,0,50,F:\F\Crm2303_CU_Updates\Projects\SalmonCU\Coho_Final.gdb\CO_42,SP_QUAL,0,50,F:\F\Crm2303_CU_Updates\Projects\SalmonCU\Coho_Final.gdb\CO_43,SP_QUAL,0,50,F:\F\Crm2303_CU_Updates\Projects\SalmonCU\Coho_Final.gdb\CO_44,SP_QUAL,0,50,F:\F\Crm2303_CU_Updates\Projects\SalmonCU\Coho_Final.gdb\CO_47,SP_QUAL,0,50,F:\F\Crm2303_CU_Updates\Projects\SalmonCU\Coho_Final.gdb\CO_48,SP_QUAL,0,50;CU_TYPE "CU_TYPE" true true false 50 Text 0 0,First,#,F:\F\Crm2303_CU_Updates\Projects\SalmonCU\Coho_Final.gdb\CO_1,CU_TYPE,0,50,F:\F\Crm2303_CU_Updates\Projects\SalmonCU\Coho_Final.gdb\CO_4,CU_TYPE,0,50,F:\F\Crm2303_CU_Updates\Projects\SalmonCU\Coho_Final.gdb\CO_5,CU_TYPE,0,50,F:\F\Crm2303_CU_Updates\Projects\SalmonCU\Coho_Final.gdb\CO_7,CU_TYPE,0,50,F:\F\Crm2303_CU_Updates\Projects\SalmonCU\Coho_Final.gdb\CO_8,CU_TYPE,0,50,F:\F\Crm2303_CU_Updates\Projects\SalmonCU\Coho_Final.gdb\CO_9,CU_TYPE,0,50,F:\F\Crm2303_CU_Updates\Projects\SalmonCU\Coho_Final.gdb\CO_10,CU_TYPE,0,50,F:\F\Crm2303_CU_Updates\Projects\SalmonCU\Coho_Final.gdb\CO_11,CU_TYPE,0,50,F:\F\Crm2303_CU_Updates\Projects\SalmonCU\Coho_Final.gdb\CO_12,CU_TYPE,0,50,F:\F\Crm2303_CU_Updates\Projects\SalmonCU\Coho_Final.gdb\CO_13,CU_TYPE,0,50,F:\F\Crm2303_CU_Updates\Projects\SalmonCU\Coho_Final.gdb\CO_14,CU_TYPE,0,50,F:\F\Crm2303_CU_Updates\Projects\SalmonCU\Coho_Final.gdb\CO_15,CU_TYPE,0,50,F:\F\Crm2303_CU_Updates\Projects\SalmonCU\Coho_Final.gdb\CO_16,CU_TYPE,0,50,F:\F\Crm2303_CU_Updates\Projects\SalmonCU\Coho_Final.gdb\CO_17,CU_TYPE,0,50,F:\F\Crm2303_CU_Updates\Projects\SalmonCU\Coho_Final.gdb\CO_18,CU_TYPE,0,50,F:\F\Crm2303_CU_Updates\Projects\SalmonCU\Coho_Final.gdb\CO_19,CU_TYPE,0,50,F:\F\Crm2303_CU_Updates\Projects\SalmonCU\Coho_Final.gdb\CO_20,CU_TYPE,0,50,F:\F\Crm2303_CU_Updates\Projects\SalmonCU\Coho_Final.gdb\CO_21,CU_TYPE,0,50,F:\F\Crm2303_CU_Updates\Projects\SalmonCU\Coho_Final.gdb\CO_22,CU_TYPE,0,50,F:\F\Crm2303_CU_Updates\Projects\SalmonCU\Coho_Final.gdb\CO_23,CU_TYPE,0,50,F:\F\Crm2303_CU_Updates\Projects\SalmonCU\Coho_Final.gdb\CO_24,CU_TYPE,0,50,F:\F\Crm2303_CU_Updates\Projects\SalmonCU\Coho_Final.gdb\CO_25,CU_TYPE,0,50,F:\F\Crm2303_CU_Updates\Projects\SalmonCU\Coho_Final.gdb\CO_26,CU_TYPE,0,50,F:\F\Crm2303_CU_Updates\Projects\SalmonCU\Coho_Final.gdb\CO_27,CU_TYPE,0,50,F:\F\Crm2303_CU_Updates\Projects\SalmonCU\Coho_Final.gdb\CO_29,CU_TYPE,0,50,F:\F\Crm2303_CU_Updates\Projects\SalmonCU\Coho_Final.gdb\CO_30,CU_TYPE,0,50,F:\F\Crm2303_CU_Updates\Projects\SalmonCU\Coho_Final.gdb\CO_31,CU_TYPE,0,50,F:\F\Crm2303_CU_Updates\Projects\SalmonCU\Coho_Final.gdb\CO_32,CU_TYPE,0,50,F:\F\Crm2303_CU_Updates\Projects\SalmonCU\Coho_Final.gdb\CO_33,CU_TYPE,0,50,F:\F\Crm2303_CU_Updates\Projects\SalmonCU\Coho_Final.gdb\CO_34,CU_TYPE,0,50,F:\F\Crm2303_CU_Updates\Projects\SalmonCU\Coho_Final.gdb\CO_35,CU_TYPE,0,50,F:\F\Crm2303_CU_Updates\Projects\SalmonCU\Coho_Final.gdb\CO_36,CU_TYPE,0,50,F:\F\Crm2303_CU_Updates\Projects\SalmonCU\Coho_Final.gdb\CO_37,CU_TYPE,0,50,F:\F\Crm2303_CU_Updates\Projects\SalmonCU\Coho_Final.gdb\CO_38,CU_TYPE,0,50,F:\F\Crm2303_CU_Updates\Projects\SalmonCU\Coho_Final.gdb\CO_39,CU_TYPE,0,50,F:\F\Crm2303_CU_Updates\Projects\SalmonCU\Coho_Final.gdb\CO_40,CU_TYPE,0,50,F:\F\Crm2303_CU_Updates\Projects\SalmonCU\Coho_Final.gdb\CO_41,CU_TYPE,0,50,F:\F\Crm2303_CU_Updates\Projects\SalmonCU\Coho_Final.gdb\CO_42,CU_TYPE,0,50,F:\F\Crm2303_CU_Updates\Projects\SalmonCU\Coho_Final.gdb\CO_43,CU_TYPE,0,50,F:\F\Crm2303_CU_Updates\Projects\SalmonCU\Coho_Final.gdb\CO_44,CU_TYPE,0,50,F:\F\Crm2303_CU_Updates\Projects\SalmonCU\Coho_Final.gdb\CO_47,CU_TYPE,0,50,F:\F\Crm2303_CU_Updates\Projects\SalmonCU\Coho_Final.gdb\CO_48,CU_TYPE,0,50;CU_ACRO "CU_ACRO" true true false 100 Text 0 0,First,#,F:\F\Crm2303_CU_Updates\Projects\SalmonCU\Coho_Final.gdb\CO_1,CU_ACRO,0,100,F:\F\Crm2303_CU_Updates\Projects\SalmonCU\Coho_Final.gdb\CO_4,CU_ACRO,0,100,F:\F\Crm2303_CU_Updates\Projects\SalmonCU\Coho_Final.gdb\CO_5,CU_ACRO,0,100,F:\F\Crm2303_CU_Updates\Projects\SalmonCU\Coho_Final.gdb\CO_7,CU_ACRO,0,100,F:\F\Crm2303_CU_Updates\Projects\SalmonCU\Coho_Final.gdb\CO_8,CU_ACRO,0,100,F:\F\Crm2303_CU_Updates\Projects\SalmonCU\Coho_Final.gdb\CO_9,CU_ACRO,0,100,F:\F\Crm2303_CU_Updates\Projects\SalmonCU\Coho_Final.gdb\CO_10,CU_ACRO,0,100,F:\F\Crm2303_CU_Updates\Projects\SalmonCU\Coho_Final.gdb\CO_11,CU_ACRO,0,100,F:\F\Crm2303_CU_Updates\Projects\SalmonCU\Coho_Final.gdb\CO_12,CU_ACRO,0,100,F:\F\Crm2303_CU_Updates\Projects\SalmonCU\Coho_Final.gdb\CO_13,CU_ACRO,0,100,F:\F\Crm2303_CU_Updates\Projects\SalmonCU\Coho_Final.gdb\CO_14,CU_ACRO,0,100,F:\F\Crm2303_CU_Updates\Projects\SalmonCU\Coho_Final.gdb\CO_15,CU_ACRO,0,100,F:\F\Crm2303_CU_Updates\Projects\SalmonCU\Coho_Final.gdb\CO_16,CU_ACRO,0,100,F:\F\Crm2303_CU_Updates\Projects\SalmonCU\Coho_Final.gdb\CO_17,CU_ACRO,0,100,F:\F\Crm2303_CU_Updates\Projects\SalmonCU\Coho_Final.gdb\CO_18,CU_ACRO,0,100,F:\F\Crm2303_CU_Updates\Projects\SalmonCU\Coho_Final.gdb\CO_19,CU_ACRO,0,100,F:\F\Crm2303_CU_Updates\Projects\SalmonCU\Coho_Final.gdb\CO_20,CU_ACRO,0,100,F:\F\Crm2303_CU_Updates\Projects\SalmonCU\Coho_Final.gdb\CO_21,CU_ACRO,0,100,F:\F\Crm2303_CU_Updates\Projects\SalmonCU\Coho_Final.gdb\CO_22,CU_ACRO,0,100,F:\F\Crm2303_CU_Updates\Projects\SalmonCU\Coho_Final.gdb\CO_23,CU_ACRO,0,100,F:\F\Crm2303_CU_Updates\Projects\SalmonCU\Coho_Final.gdb\CO_24,CU_ACRO,0,100,F:\F\Crm2303_CU_Updates\Projects\SalmonCU\Coho_Final.gdb\CO_25,CU_ACRO,0,100,F:\F\Crm2303_CU_Updates\Projects\SalmonCU\Coho_Final.gdb\CO_26,CU_ACRO,0,100,F:\F\Crm2303_CU_Updates\Projects\SalmonCU\Coho_Final.gdb\CO_27,CU_ACRO,0,100,F:\F\Crm2303_CU_Updates\Projects\SalmonCU\Coho_Final.gdb\CO_29,CU_ACRO,0,100,F:\F\Crm2303_CU_Updates\Projects\SalmonCU\Coho_Final.gdb\CO_30,CU_ACRO,0,100,F:\F\Crm2303_CU_Updates\Projects\SalmonCU\Coho_Final.gdb\CO_31,CU_ACRO,0,100,F:\F\Crm2303_CU_Updates\Projects\SalmonCU\Coho_Final.gdb\CO_32,CU_ACRO,0,100,F:\F\Crm2303_CU_Updates\Projects\SalmonCU\Coho_Final.gdb\CO_33,CU_ACRO,0,100,F:\F\Crm2303_CU_Updates\Projects\SalmonCU\Coho_Final.gdb\CO_34,CU_ACRO,0,100,F:\F\Crm2303_CU_Updates\Projects\SalmonCU\Coho_Final.gdb\CO_35,CU_ACRO,0,100,F:\F\Crm2303_CU_Updates\Projects\SalmonCU\Coho_Final.gdb\CO_36,CU_ACRO,0,100,F:\F\Crm2303_CU_Updates\Projects\SalmonCU\Coho_Final.gdb\CO_37,CU_ACRO,0,100,F:\F\Crm2303_CU_Updates\Projects\SalmonCU\Coho_Final.gdb\CO_38,CU_ACRO,0,100,F:\F\Crm2303_CU_Updates\Projects\SalmonCU\Coho_Final.gdb\CO_39,CU_ACRO,0,100,F:\F\Crm2303_CU_Updates\Projects\SalmonCU\Coho_Final.gdb\CO_40,CU_ACRO,0,100,F:\F\Crm2303_CU_Updates\Projects\SalmonCU\Coho_Final.gdb\CO_41,CU_ACRO,0,100,F:\F\Crm2303_CU_Updates\Projects\SalmonCU\Coho_Final.gdb\CO_42,CU_ACRO,0,100,F:\F\Crm2303_CU_Updates\Projects\SalmonCU\Coho_Final.gdb\CO_43,CU_ACRO,0,100,F:\F\Crm2303_CU_Updates\Projects\SalmonCU\Coho_Final.gdb\CO_44,CU_ACRO,0,100,F:\F\Crm2303_CU_Updates\Projects\SalmonCU\Coho_Final.gdb\CO_47,CU_ACRO,0,100,F:\F\Crm2303_CU_Updates\Projects\SalmonCU\Coho_Final.gdb\CO_48,CU_ACRO,0,100;Shape_Length "Shape_Length" false true true 8 Double 0 0,First,#,F:\F\Crm2303_CU_Updates\Projects\SalmonCU\Coho_Final.gdb\CO_1,Shape_Length,-1,-1,F:\F\Crm2303_CU_Updates\Projects\SalmonCU\Coho_Final.gdb\CO_4,Shape_Length,-1,-1,F:\F\Crm2303_CU_Updates\Projects\SalmonCU\Coho_Final.gdb\CO_5,Shape_Length,-1,-1,F:\F\Crm2303_CU_Updates\Projects\SalmonCU\Coho_Final.gdb\CO_7,Shape_Length,-1,-1,F:\F\Crm2303_CU_Updates\Projects\SalmonCU\Coho_Final.gdb\CO_8,Shape_Length,-1,-1,F:\F\Crm2303_CU_Updates\Projects\SalmonCU\Coho_Final.gdb\CO_9,Shape_Length,-1,-1,F:\F\Crm2303_CU_Updates\Projects\SalmonCU\Coho_Final.gdb\CO_10,Shape_Length,-1,-1,F:\F\Crm2303_CU_Updates\Projects\SalmonCU\Coho_Final.gdb\CO_11,Shape_Length,-1,-1,F:\F\Crm2303_CU_Updates\Projects\SalmonCU\Coho_Final.gdb\CO_12,Shape_Length,-1,-1,F:\F\Crm2303_CU_Updates\Projects\SalmonCU\Coho_Final.gdb\CO_13,Shape_Length,-1,-1,F:\F\Crm2303_CU_Updates\Projects\SalmonCU\Coho_Final.gdb\CO_14,Shape_Length,-1,-1,F:\F\Crm2303_CU_Updates\Projects\SalmonCU\Coho_Final.gdb\CO_15,Shape_Length,-1,-1,F:\F\Crm2303_CU_Updates\Projects\SalmonCU\Coho_Final.gdb\CO_16,Shape_Length,-1,-1,F:\F\Crm2303_CU_Updates\Projects\SalmonCU\Coho_Final.gdb\CO_17,Shape_Length,-1,-1,F:\F\Crm2303_CU_Updates\Projects\SalmonCU\Coho_Final.gdb\CO_18,Shape_Length,-1,-1,F:\F\Crm2303_CU_Updates\Projects\SalmonCU\Coho_Final.gdb\CO_19,Shape_Length,-1,-1,F:\F\Crm2303_CU_Updates\Projects\SalmonCU\Coho_Final.gdb\CO_20,Shape_Length,-1,-1,F:\F\Crm2303_CU_Updates\Projects\SalmonCU\Coho_Final.gdb\CO_21,Shape_Length,-1,-1,F:\F\Crm2303_CU_Updates\Projects\SalmonCU\Coho_Final.gdb\CO_22,Shape_Length,-1,-1,F:\F\Crm2303_CU_Updates\Projects\SalmonCU\Coho_Final.gdb\CO_23,Shape_Length,-1,-1,F:\F\Crm2303_CU_Updates\Projects\SalmonCU\Coho_Final.gdb\CO_24,Shape_Length,-1,-1,F:\F\Crm2303_CU_Updates\Projects\SalmonCU\Coho_Final.gdb\CO_25,Shape_Length,-1,-1,F:\F\Crm2303_CU_Updates\Projects\SalmonCU\Coho_Final.gdb\CO_26,Shape_Length,-1,-1,F:\F\Crm2303_CU_Updates\Projects\SalmonCU\Coho_Final.gdb\CO_27,Shape_Length,-1,-1,F:\F\Crm2303_CU_Updates\Projects\SalmonCU\Coho_Final.gdb\CO_29,Shape_Length,-1,-1,F:\F\Crm2303_CU_Updates\Projects\SalmonCU\Coho_Final.gdb\CO_30,Shape_Length,-1,-1,F:\F\Crm2303_CU_Updates\Projects\SalmonCU\Coho_Final.gdb\CO_31,Shape_Length,-1,-1,F:\F\Crm2303_CU_Updates\Projects\SalmonCU\Coho_Final.gdb\CO_32,Shape_Length,-1,-1,F:\F\Crm2303_CU_Updates\Projects\SalmonCU\Coho_Final.gdb\CO_33,Shape_Length,-1,-1,F:\F\Crm2303_CU_Updates\Projects\SalmonCU\Coho_Final.gdb\CO_34,Shape_Length,-1,-1,F:\F\Crm2303_CU_Updates\Projects\SalmonCU\Coho_Final.gdb\CO_35,Shape_Length,-1,-1,F:\F\Crm2303_CU_Updates\Projects\SalmonCU\Coho_Final.gdb\CO_36,Shape_Length,-1,-1,F:\F\Crm2303_CU_Updates\Projects\SalmonCU\Coho_Final.gdb\CO_37,Shape_Length,-1,-1,F:\F\Crm2303_CU_Updates\Projects\SalmonCU\Coho_Final.gdb\CO_38,Shape_Length,-1,-1,F:\F\Crm2303_CU_Updates\Projects\SalmonCU\Coho_Final.gdb\CO_39,Shape_Length,-1,-1,F:\F\Crm2303_CU_Updates\Projects\SalmonCU\Coho_Final.gdb\CO_40,Shape_Length,-1,-1,F:\F\Crm2303_CU_Updates\Projects\SalmonCU\Coho_Final.gdb\CO_41,Shape_Length,-1,-1,F:\F\Crm2303_CU_Updates\Projects\SalmonCU\Coho_Final.gdb\CO_42,Shape_Length,-1,-1,F:\F\Crm2303_CU_Updates\Projects\SalmonCU\Coho_Final.gdb\CO_43,Shape_Length,-1,-1,F:\F\Crm2303_CU_Updates\Projects\SalmonCU\Coho_Final.gdb\CO_44,Shape_Length,-1,-1,F:\F\Crm2303_CU_Updates\Projects\SalmonCU\Coho_Final.gdb\CO_47,Shape_Length,-1,-1,F:\F\Crm2303_CU_Updates\Projects\SalmonCU\Coho_Final.gdb\CO_48,Shape_Length,-1,-1;Shape_Area "Shape_Area" false true true 8 Double 0 0,First,#,F:\F\Crm2303_CU_Updates\Projects\SalmonCU\Coho_Final.gdb\CO_1,Shape_Area,-1,-1,F:\F\Crm2303_CU_Updates\Projects\SalmonCU\Coho_Final.gdb\CO_4,Shape_Area,-1,-1,F:\F\Crm2303_CU_Updates\Projects\SalmonCU\Coho_Final.gdb\CO_5,Shape_Area,-1,-1,F:\F\Crm2303_CU_Updates\Projects\SalmonCU\Coho_Final.gdb\CO_7,Shape_Area,-1,-1,F:\F\Crm2303_CU_Updates\Projects\SalmonCU\Coho_Final.gdb\CO_8,Shape_Area,-1,-1,F:\F\Crm2303_CU_Updates\Projects\SalmonCU\Coho_Final.gdb\CO_9,Shape_Area,-1,-1,F:\F\Crm2303_CU_Updates\Projects\SalmonCU\Coho_Final.gdb\CO_10,Shape_Area,-1,-1,F:\F\Crm2303_CU_Updates\Projects\SalmonCU\Coho_Final.gdb\CO_11,Shape_Area,-1,-1,F:\F\Crm2303_CU_Updates\Projects\SalmonCU\Coho_Final.gdb\CO_12,Shape_Area,-1,-1,F:\F\Crm2303_CU_Updates\Projects\SalmonCU\Coho_Final.gdb\CO_13,Shape_Area,-1,-1,F:\F\Crm2303_CU_Updates\Projects\SalmonCU\Coho_Final.gdb\CO_14,Shape_Area,-1,-1,F:\F\Crm2303_CU_Updates\Projects\SalmonCU\Coho_Final.gdb\CO_15,Shape_Area,-1,-1,F:\F\Crm2303_CU_Updates\Projects\SalmonCU\Coho_Final.gdb\CO_16,Shape_Area,-1,-1,F:\F\Crm2303_CU_Updates\Projects\SalmonCU\Coho_Final.gdb\CO_17,Shape_Area,-1,-1,F:\F\Crm2303_CU_Updates\Projects\SalmonCU\Coho_Final.gdb\CO_18,Shape_Area,-1,-1,F:\F\Crm2303_CU_Updates\Projects\SalmonCU\Coho_Final.gdb\CO_19,Shape_Area,-1,-1,F:\F\Crm2303_CU_Updates\Projects\SalmonCU\Coho_Final.gdb\CO_20,Shape_Area,-1,-1,F:\F\Crm2303_CU_Updates\Projects\SalmonCU\Coho_Final.gdb\CO_21,Shape_Area,-1,-1,F:\F\Crm2303_CU_Updates\Projects\SalmonCU\Coho_Final.gdb\CO_22,Shape_Area,-1,-1,F:\F\Crm2303_CU_Updates\Projects\SalmonCU\Coho_Final.gdb\CO_23,Shape_Area,-1,-1,F:\F\Crm2303_CU_Updates\Projects\SalmonCU\Coho_Final.gdb\CO_24,Shape_Area,-1,-1,F:\F\Crm2303_CU_Updates\Projects\SalmonCU\Coho_Final.gdb\CO_25,Shape_Area,-1,-1,F:\F\Crm2303_CU_Updates\Projects\SalmonCU\Coho_Final.gdb\CO_26,Shape_Area,-1,-1,F:\F\Crm2303_CU_Updates\Projects\SalmonCU\Coho_Final.gdb\CO_27,Shape_Area,-1,-1,F:\F\Crm2303_CU_Updates\Projects\SalmonCU\Coho_Final.gdb\CO_29,Shape_Area,-1,-1,F:\F\Crm2303_CU_Updates\Projects\SalmonCU\Coho_Final.gdb\CO_30,Shape_Area,-1,-1,F:\F\Crm2303_CU_Updates\Projects\SalmonCU\Coho_Final.gdb\CO_31,Shape_Area,-1,-1,F:\F\Crm2303_CU_Updates\Projects\SalmonCU\Coho_Final.gdb\CO_32,Shape_Area,-1,-1,F:\F\Crm2303_CU_Updates\Projects\SalmonCU\Coho_Final.gdb\CO_33,Shape_Area,-1,-1,F:\F\Crm2303_CU_Updates\Projects\SalmonCU\Coho_Final.gdb\CO_34,Shape_Area,-1,-1,F:\F\Crm2303_CU_Updates\Projects\SalmonCU\Coho_Final.gdb\CO_35,Shape_Area,-1,-1,F:\F\Crm2303_CU_Updates\Projects\SalmonCU\Coho_Final.gdb\CO_36,Shape_Area,-1,-1,F:\F\Crm2303_CU_Updates\Projects\SalmonCU\Coho_Final.gdb\CO_37,Shape_Area,-1,-1,F:\F\Crm2303_CU_Updates\Projects\SalmonCU\Coho_Final.gdb\CO_38,Shape_Area,-1,-1,F:\F\Crm2303_CU_Updates\Projects\SalmonCU\Coho_Final.gdb\CO_39,Shape_Area,-1,-1,F:\F\Crm2303_CU_Updates\Projects\SalmonCU\Coho_Final.gdb\CO_40,Shape_Area,-1,-1,F:\F\Crm2303_CU_Updates\Projects\SalmonCU\Coho_Final.gdb\CO_41,Shape_Area,-1,-1,F:\F\Crm2303_CU_Updates\Projects\SalmonCU\Coho_Final.gdb\CO_42,Shape_Area,-1,-1,F:\F\Crm2303_CU_Updates\Projects\SalmonCU\Coho_Final.gdb\CO_43,Shape_Area,-1,-1,F:\F\Crm2303_CU_Updates\Projects\SalmonCU\Coho_Final.gdb\CO_44,Shape_Area,-1,-1,F:\F\Crm2303_CU_Updates\Projects\SalmonCU\Coho_Final.gdb\CO_47,Shape_Area,-1,-1,F:\F\Crm2303_CU_Updates\Projects\SalmonCU\Coho_Final.gdb\CO_48,Shape_Area,-1,-1" NO_SOURCE_INFO</Process><Process ToolSource="c:\esri\arcgis\Resources\ArcToolbox\toolboxes\Data Management Tools.tbx\CopyFeatures" Date="20201001" Time="105442">CopyFeatures F:\F\Crm2303_CU_Updates\Projects\SalmonCU\Coho_Final.gdb\CO_CU_2020 F:\F\Crm2303_CU_Updates\Projects\SalmonCU\Final2020.gdb\Topo\CO_CU_2020 # # # #</Process><Process ToolSource="c:\esri\arcgis\Resources\ArcToolbox\toolboxes\Data Management Tools.tbx\Dissolve" Date="20201016" Time="154725">Dissolve CO_CU_2020 F:\F\Crm2303_CU_Updates\Projects\SalmonCU\Final2020.gdb\CO2020 CU_NAME;FULL_CU_IN;SP_QUAL;CU_TYPE;CU_ACRO # MULTI_PART DISSOLVE_LINES</Process><Process ToolSource="c:\esri\arcgis\Resources\ArcToolbox\Toolboxes\Data Management Tools.tbx\UpdateSchema" Date="20201023" Time="092620">UpdateSchema "CIMDATA=&lt;CIMStandardDataConnection xsi:type='typens:CIMStandardDataConnection' xmlns:xsi='http://www.w3.org/2001/XMLSchema-instance' xmlns:xs='http://www.w3.org/2001/XMLSchema' xmlns:typens='http://www.esri.com/schemas/ArcGIS/2.6.0'&gt;&lt;WorkspaceConnectionString&gt;DATABASE=F:\F\Crm2303_CU_Updates\Projects\SalmonCU\Final2020.gdb&lt;/WorkspaceConnectionString&gt;&lt;WorkspaceFactory&gt;FileGDB&lt;/WorkspaceFactory&gt;&lt;Dataset&gt;CO2020&lt;/Dataset&gt;&lt;DatasetType&gt;esriDTFeatureClass&lt;/DatasetType&gt;&lt;/CIMStandardDataConnection&gt;" &lt;operationSequence&gt;&lt;workflow&gt;&lt;AlterField&gt;&lt;field_name&gt;CU_TYPE&lt;/field_name&gt;&lt;field_type&gt;TEXT&lt;/field_type&gt;&lt;field_length&gt;254&lt;/field_length&gt;&lt;field_is_nullable&gt;True&lt;/field_is_nullable&gt;&lt;clear_field_alias&gt;False&lt;/clear_field_alias&gt;&lt;/AlterField&gt;&lt;/workflow&gt;&lt;/operationSequence&gt;</Process><Process Name="Project" ToolSource="c:\program files\arcgis\pro\Resources\ArcToolbox\toolboxes\Data Management Tools.tbx\Project" Date="20210130" Time="103043">Project D:\F\Crm2303_CU_Updates\Projects\SalmonCU\Final2020.gdb\CO2020 D:\F\Crm2303_CU_Updates\Projects\SalmonCU\Final2020.gdb\CO2020_NAD83 GEOGCS['GCS_North_American_1983',DATUM['D_North_American_1983',SPHEROID['GRS_1980',6378137.0,298.257222101]],PRIMEM['Greenwich',0.0],UNIT['Degree',0.0174532925199433]] # PROJCS['NAD_1983_BC_Environment_Albers',GEOGCS['GCS_North_American_1983',DATUM['D_North_American_1983',SPHEROID['GRS_1980',6378137.0,298.257222101]],PRIMEM['Greenwich',0.0],UNIT['Degree',0.0174532925199433]],PROJECTION['Albers'],PARAMETER['False_Easting',1000000.0],PARAMETER['False_Northing',0.0],PARAMETER['Central_Meridian',-126.0],PARAMETER['Standard_Parallel_1',50.0],PARAMETER['Standard_Parallel_2',58.5],PARAMETER['Latitude_Of_Origin',45.0],UNIT['Meter',1.0]] NO_PRESERVE_SHAPE # NO_VERTICAL</Process><Process ToolSource="c:\program files\arcgis\pro\Resources\ArcToolbox\toolboxes\Data Management Tools.tbx\Rename" Date="20210130" Time="103200">Rename D:\F\Crm2303_CU_Updates\Projects\SalmonCU\Final2020.gdb\CO2020_NAD83 D:\F\Crm2303_CU_Updates\Projects\SalmonCU\Final2020.gdb\CO2020 FeatureClass</Process><Process ToolSource="c:\program files\arcgis\pro\Resources\ArcToolbox\toolboxes\Data Management Tools.tbx\CopyMultiple" Date="20210301" Time="120713">CopyMultiple "D:\F\Crm2303_CU_Updates\Projects\SalmonCU\Final2020.gdb\CK2020 FeatureClass;D:\F\Crm2303_CU_Updates\Projects\SalmonCU\Final2020.gdb\CM2020 FeatureClass;D:\F\Crm2303_CU_Updates\Projects\SalmonCU\Final2020.gdb\CO2020 FeatureClass" D:\F\Crm2303_CU_Updates\Projects\Topo_Task\Topo.gdb CK2020;CM2020;CO2020 "CK2020 FeatureClass CK2020 #;CM2020 FeatureClass CM2020 #;CO2020 FeatureClass CO2020 #"</Process><Process ToolSource="c:\program files\arcgis\pro\Resources\ArcToolbox\toolboxes\Data Management Tools.tbx\Rename" Date="20210301" Time="121144">Rename D:\F\Crm2303_CU_Updates\Projects\Topo_Task\Topo.gdb\CO2020 D:\F\Crm2303_CU_Updates\Projects\Topo_Task\Topo.gdb\CO2021 FeatureClass</Process><Process ToolSource="c:\program files\arcgis\pro\Resources\ArcToolbox\toolboxes\Data Management Tools.tbx\Append" Date="20210303" Time="075409">Append Yukon_CO_20210222 CO2021 "Use the Field Map to reconcile schema differences" "CU_NAME "CU_NAME" true true false 254 Text 0 0,First,#,Yukon_CO_20210222,CU_NAME,0,254;FULL_CU_IN "FULL_CU_IN" true true false 254 Text 0 0,First,#,Yukon_CO_20210222,FULL_CU_IN,0,50;SP_QUAL "SP_QUAL" true true false 50 Text 0 0,First,#,Yukon_CO_20210222,SP_QUAL,0,254;CU_TYPE "CU_TYPE" true true false 254 Text 0 0,First,#,Yukon_CO_20210222,CU_TYPE,0,254;CU_ACRO "CU_ACRO" true true false 100 Text 0 0,First,#" # #</Process><Process ToolSource="c:\program files\arcgis\pro\Resources\ArcToolbox\toolboxes\Data Management Tools.tbx\CopyMultiple" Date="20210303" Time="081854">CopyMultiple "G:\F2\CRM2303_CU_Updates\20200302_Topo_Task\Topo.gdb\CO2021 FeatureClass" G:\F2\CRM2303_CU_Updates\20200302_Topo_Task\_1_ArcGISPro\TopoCheck.gdb\CO2021 CO2021 "CO2021 FeatureClass CO2021 #"</Process><Process ToolSource="c:\program files\arcgis\pro\Resources\ArcToolbox\toolboxes\Data Management Tools.tbx\Rename" Date="20210303" Time="132126">Rename G:\F2\CRM2303_CU_Updates\20200302_Topo_Task\_1_ArcGISPro\TopoCheck.gdb\CO2021\CO2021 G:\F2\CRM2303_CU_Updates\20200302_Topo_Task\_1_ArcGISPro\TopoCheck.gdb\CO2021\CO2021_Fixed FeatureClass</Process><Process ToolSource="c:\program files\arcgis\pro\Resources\ArcToolbox\toolboxes\Conversion Tools.tbx\FeatureClassToFeatureClass" Date="20210303" Time="132956">FeatureClassToFeatureClass CO2021_Fixed G:\F2\CRM2303_CU_Updates\20200302_Topo_Task\_1_ArcGISPro\Final.gdb CO2021_Final # "CU_NAME "CU_NAME" true true false 254 Text 0 0,First,#,CO2021_Fixed,CU_NAME,0,254;FULL_CU_IN "FULL_CU_IN" true true false 254 Text 0 0,First,#,CO2021_Fixed,FULL_CU_IN,0,254;SP_QUAL "SP_QUAL" true true false 50 Text 0 0,First,#,CO2021_Fixed,SP_QUAL,0,50;CU_TYPE "CU_TYPE" true true false 254 Text 0 0,First,#,CO2021_Fixed,CU_TYPE,0,254;CU_ACRO "CU_ACRO" true true false 100 Text 0 0,First,#,CO2021_Fixed,CU_ACRO,0,100;Shape_Length "Shape_Length" false true true 8 Double 0 0,First,#,CO2021_Fixed,Shape_Length,-1,-1;Shape_Area "Shape_Area" false true true 8 Double 0 0,First,#,CO2021_Fixed,Shape_Area,-1,-1" #</Process><Process ToolSource="c:\program files\arcgis\pro\Resources\ArcToolbox\toolboxes\Conversion Tools.tbx\FeatureClassToFeatureClass" Date="20210304" Time="134459">FeatureClassToFeatureClass Final\CO2021_Final G:\F2\CRM2303_CU_Updates\20200302_Topo_Task\_1_ArcGISPro\TopoChecks_20210304.gdb\CO2021_TopoCheck_20210304 CO2021_TopoWorking_20210304 # "CU_NAME "CU_NAME" true true false 254 Text 0 0,First,#,Final\CO2021_Final,CU_NAME,0,254;FULL_CU_IN "FULL_CU_IN" true true false 254 Text 0 0,First,#,Final\CO2021_Final,FULL_CU_IN,0,254;SP_QUAL "SP_QUAL" true true false 50 Text 0 0,First,#,Final\CO2021_Final,SP_QUAL,0,50;CU_TYPE "CU_TYPE" true true false 254 Text 0 0,First,#,Final\CO2021_Final,CU_TYPE,0,254;CU_ACRO "CU_ACRO" true true false 100 Text 0 0,First,#,Final\CO2021_Final,CU_ACRO,0,100;Shape_Length "Shape_Length" false true true 8 Double 0 0,First,#,Final\CO2021_Final,Shape_Length,-1,-1;Shape_Area "Shape_Area" false true true 8 Double 0 0,First,#,Final\CO2021_Final,Shape_Area,-1,-1" #</Process><Process ToolSource="c:\program files\arcgis\pro\Resources\ArcToolbox\toolboxes\Conversion Tools.tbx\FeatureClassToFeatureClass" Date="20210310" Time="125249">FeatureClassToFeatureClass CO2021_TopoWorking_20210304 \\crmltd30\F2\CRM2303_CU_Updates\20200302_Topo_Task\_1_ArcGISPro\Final.gdb CO2021_20210310 # "CU_NAME "CU_NAME" true true false 254 Text 0 0,First,#,CO2021_TopoWorking_20210304,CU_NAME,0,254;FULL_CU_IN "FULL_CU_IN" true true false 254 Text 0 0,First,#,CO2021_TopoWorking_20210304,FULL_CU_IN,0,254;SP_QUAL "SP_QUAL" true true false 50 Text 0 0,First,#,CO2021_TopoWorking_20210304,SP_QUAL,0,50;CU_TYPE "CU_TYPE" true true false 254 Text 0 0,First,#,CO2021_TopoWorking_20210304,CU_TYPE,0,254;CU_ACRO "CU_ACRO" true true false 100 Text 0 0,First,#,CO2021_TopoWorking_20210304,CU_ACRO,0,100;Shape_Length "Shape_Length" false true true 8 Double 0 0,First,#,CO2021_TopoWorking_20210304,Shape_Length,-1,-1;Shape_Area "Shape_Area" false true true 8 Double 0 0,First,#,CO2021_TopoWorking_20210304,Shape_Area,-1,-1" #</Process><Process Name="Add Field" ToolSource="c:\program files\arcgis\pro\Resources\ArcToolbox\toolboxes\Data Management Tools.tbx\AddField" Date="20210310" Time="155541">AddField CO2021_20210310 CU_NAME_NuSEDS Text # # 254 # NULLABLE NON_REQUIRED #</Process><Process ToolSource="c:\program files\arcgis\pro\Resources\ArcToolbox\toolboxes\Data Management Tools.tbx\CopyMultiple" Date="20210331" Time="152312">CopyMultiple "\\crmltd30\F2\CRM2303_CU_Updates\20200302_Topo_Task\_1_ArcGISPro\Final.gdb\CO2021_20210310 FeatureClass" \\crmltd30\F2\CRM2303_CU_Updates\20200302_Topo_Task\_1_ArcGISPro\Final.gdb CO2021_20210310_1 "CO2021_20210310 FeatureClass CO2021_20210310_1 #"</Process><Process ToolSource="c:\program files\arcgis\pro\Resources\ArcToolbox\toolboxes\Data Management Tools.tbx\Rename" Date="20210331" Time="152319">Rename \\crmltd30\F2\CRM2303_CU_Updates\20200302_Topo_Task\_1_ArcGISPro\Final.gdb\CO2021_20210310_1 \\crmltd30\F2\CRM2303_CU_Updates\20200302_Topo_Task\_1_ArcGISPro\Final.gdb\CO2021_20210331 FeatureClass</Process><Process ToolSource="c:\program files\arcgis\pro\Resources\ArcToolbox\toolboxes\Conversion Tools.tbx\FeatureClassToFeatureClass" Date="20210401" Time="091922">FeatureClassToFeatureClass CO2021_20210331 D:\F\Crm2303_CU_Updates\Deliverables\20210331_CUs\Final.gdb Coho_Salmon_CU_Boundary_En_2021 # "CU_NAME "CU_NAME" true true false 254 Text 0 0,First,#,CO2021_20210331,CU_NAME,0,254;FULL_CU_IN "FULL_CU_IN" true true false 254 Text 0 0,First,#,CO2021_20210331,FULL_CU_IN,0,254;SP_QUAL "SP_QUAL" true true false 50 Text 0 0,First,#,CO2021_20210331,SP_QUAL,0,50;CU_TYPE "CU_TYPE" true true false 254 Text 0 0,First,#,CO2021_20210331,CU_TYPE,0,254;CU_ACRO "CU_ACRO" true true false 100 Text 0 0,First,#,CO2021_20210331,CU_ACRO,0,100;CU_NAME_NuSEDS "CU_NAME_NuSEDS" true true false 254 Text 0 0,First,#,CO2021_20210331,CU_NAME_NuSEDS,0,254;Shape_Length "Shape_Length" false true true 8 Double 0 0,First,#,CO2021_20210331,Shape_Length,-1,-1;Shape_Area "Shape_Area" false true true 8 Double 0 0,First,#,CO2021_20210331,Shape_Area,-1,-1" #</Process><Process ToolSource="c:\program files\arcgis\pro\Resources\ArcToolbox\toolboxes\Data Management Tools.tbx\CopyFeatures" Date="20210401" Time="111542">CopyFeatures Coho_Salmon_CU_Boundary_En_2021 D:\F\Crm2303_CU_Updates\Deliverables\20210401_CO_Update\Coho_Salmon_CU_Boundary_En_2021.shp # # # #</Process><Process ToolSource="c:\program files\arcgis\pro\Resources\ArcToolbox\toolboxes\Data Management Tools.tbx\CopyFeatures" Date="20210407" Time="151240">CopyFeatures D:\F\Crm2303_CU_Updates\Deliverables\20210407_UpdatedDeliverable\Shapefiles\CO_SHAPEFILES\Coho_Salmon_CU_Boundary_En_2021.shp D:\F\Crm2303_CU_Updates\Projects\OutlookUnits\UpdatedDeliverable_2021.gdb\Coho_Salmon_CU_Boundary_En_2021 # # # #</Process><Process ToolSource="c:\program files\arcgis\pro\Resources\ArcToolbox\toolboxes\Data Management Tools.tbx\DeleteField" Date="20210407" Time="160202">DeleteField Working\Coho_Salmon_CU_Boundary_En_2021 CU_ACRO</Process><Process ToolSource="c:\program files\arcgis\pro\Resources\ArcToolbox\toolboxes\Data Management Tools.tbx\DeleteField" Date="20210407" Time="160206">DeleteField Working\Coho_Salmon_CU_Boundary_En_2021 CU_NAME_Nu</Process><Process ToolSource="c:\program files\arcgis\pro\Resources\ArcToolbox\Toolboxes\Data Management Tools.tbx\UpdateSchema" Date="20210413" Time="114204">UpdateSchema "CIMDATA=&lt;CIMStandardDataConnection xsi:type='typens:CIMStandardDataConnection' xmlns:xsi='http://www.w3.org/2001/XMLSchema-instance' xmlns:xs='http://www.w3.org/2001/XMLSchema' xmlns:typens='http://www.esri.com/schemas/ArcGIS/2.7.0'&gt;&lt;WorkspaceConnectionString&gt;DATABASE=D:\F\Crm2303_CU_Updates\Deliverables\20210407_UpdatedDeliverable\UpdatedDeliverable_2021.gdb&lt;/WorkspaceConnectionString&gt;&lt;WorkspaceFactory&gt;FileGDB&lt;/WorkspaceFactory&gt;&lt;Dataset&gt;Coho_Salmon_CU_Boundary_En_2021&lt;/Dataset&gt;&lt;DatasetType&gt;esriDTFeatureClass&lt;/DatasetType&gt;&lt;/CIMStandardDataConnection&gt;" &lt;operationSequence&gt;&lt;workflow&gt;&lt;DeleteField&gt;&lt;field_name&gt;Shape_Leng&lt;/field_name&gt;&lt;/DeleteField&gt;&lt;/workflow&gt;&lt;/operationSequence&gt;</Process><Process ToolSource="c:\program files\arcgis\pro\Resources\ArcToolbox\toolboxes\Conversion Tools.tbx\FeatureClassToFeatureClass" Date="20210414" Time="112808">FeatureClassToFeatureClass D:\F\Crm2303_CU_Updates\Deliverables\20210407_UpdatedDeliverable\UpdatedDeliverable_2021.gdb\Coho_Salmon_CU_Boundary_En_2021 D:\F\Crm2303_CU_Updates\Projects\SalmonCU\Topo.gdb\cus Coho_Salmon_CU_Boundary_En_2021_topo # "CU_NAME "CU_NAME" true true false 254 Text 0 0,First,#,D:\F\Crm2303_CU_Updates\Deliverables\20210407_UpdatedDeliverable\UpdatedDeliverable_2021.gdb\Coho_Salmon_CU_Boundary_En_2021,CU_NAME,0,254;FULL_CU_IN "FULL_CU_IN" true true false 254 Text 0 0,First,#,D:\F\Crm2303_CU_Updates\Deliverables\20210407_UpdatedDeliverable\UpdatedDeliverable_2021.gdb\Coho_Salmon_CU_Boundary_En_2021,FULL_CU_IN,0,254;SP_QUAL "SP_QUAL" true true false 50 Text 0 0,First,#,D:\F\Crm2303_CU_Updates\Deliverables\20210407_UpdatedDeliverable\UpdatedDeliverable_2021.gdb\Coho_Salmon_CU_Boundary_En_2021,SP_QUAL,0,50;CU_TYPE "CU_TYPE" true true false 254 Text 0 0,First,#,D:\F\Crm2303_CU_Updates\Deliverables\20210407_UpdatedDeliverable\UpdatedDeliverable_2021.gdb\Coho_Salmon_CU_Boundary_En_2021,CU_TYPE,0,254;Shape_Length "Shape_Length" false true true 8 Double 0 0,First,#,D:\F\Crm2303_CU_Updates\Deliverables\20210407_UpdatedDeliverable\UpdatedDeliverable_2021.gdb\Coho_Salmon_CU_Boundary_En_2021,Shape_Length,-1,-1;Shape_Area "Shape_Area" false true true 8 Double 0 0,First,#,D:\F\Crm2303_CU_Updates\Deliverables\20210407_UpdatedDeliverable\UpdatedDeliverable_2021.gdb\Coho_Salmon_CU_Boundary_En_2021,Shape_Area,-1,-1" #</Process><Process ToolSource="c:\program files\arcgis\pro\Resources\ArcToolbox\toolboxes\Conversion Tools.tbx\FeatureClassToFeatureClass" Date="20210414" Time="132022">FeatureClassToFeatureClass Coho_Salmon_CU_Boundary_En_2021_topo D:\F\Crm2303_CU_Updates\Deliverables\20210407_UpdatedDeliverable\UpdatedDeliverable_2021.gdb Coho_Salmon_CU_Boundary_En_2021 # "CU_NAME "CU_NAME" true true false 254 Text 0 0,First,#,Coho_Salmon_CU_Boundary_En_2021_topo,CU_NAME,0,254;FULL_CU_IN "FULL_CU_IN" true true false 254 Text 0 0,First,#,Coho_Salmon_CU_Boundary_En_2021_topo,FULL_CU_IN,0,254;SP_QUAL "SP_QUAL" true true false 50 Text 0 0,First,#,Coho_Salmon_CU_Boundary_En_2021_topo,SP_QUAL,0,50;CU_TYPE "CU_TYPE" true true false 254 Text 0 0,First,#,Coho_Salmon_CU_Boundary_En_2021_topo,CU_TYPE,0,254;Shape_Length "Shape_Length" false true true 8 Double 0 0,First,#,Coho_Salmon_CU_Boundary_En_2021_topo,Shape_Length,-1,-1;Shape_Area "Shape_Area" false true true 8 Double 0 0,First,#,Coho_Salmon_CU_Boundary_En_2021_topo,Shape_Area,-1,-1" #</Process><Process ToolSource="c:\program files\arcgis\pro\Resources\ArcToolbox\toolboxes\Data Management Tools.tbx\CopyFeatures" Date="20210415" Time="093956">CopyFeatures D:\F\Crm2303_CU_Updates\Deliverables\20210407_UpdatedDeliverable\UpdatedDeliverable_2021.gdb\Coho_Salmon_CU_Boundary_En_2021 D:\F\Crm2303_CU_Updates\Deliverables\20210407_UpdatedDeliverable\CU_SHAPEFILES\Coho_Salmon_CU_Boundary_En_2021.shp # # # #</Process></lineage></DataProperties><SyncDate>20210415</SyncDate><SyncTime>09395600</SyncTime><ModDate>20210415</ModDate><ModTime>09395600</ModTime></Esri><dataIdInfo><envirDesc Sync="TRUE">Microsoft Windows 10 Version 10.0 (Build 19041) ; Esri ArcGIS 12.7.3.26828</envirDesc><dataLang><languageCode value="eng" Sync="TRUE"></languageCode><countryCode value="CAN" Sync="TRUE"></countryCode></dataLang><idCitation><resTitle Sync="TRUE">Coho_Salmon_CU_Boundary_En_2021</resTitle><presForm><PresFormCd value="005" Sync="TRUE"></PresFormCd></presForm></idCitation><spatRpType><SpatRepTypCd value="001" Sync="TRUE"></SpatRepTypCd></spatRpType></dataIdInfo><mdLang><languageCode value="eng" Sync="TRUE"></languageCode><countryCode value="CAN" Sync="TRUE"></countryCode></mdLang><distInfo><distFormat><formatName Sync="TRUE">Shapefile</formatName></distFormat><distTranOps><transSize Sync="TRUE">0.000</transSize></distTranOps></distInfo><mdHrLv><ScopeCd value="005" Sync="TRUE"></ScopeCd></mdHrLv><mdHrLvName Sync="TRUE">dataset</mdHrLvName><refSysInfo><RefSystem><refSysID><identCode code="4269" Sync="TRUE"></identCode><idCodeSpace Sync="TRUE">EPSG</idCodeSpace><idVersion Sync="TRUE">6.5(3.0.1)</idVersion></refSysID></RefSystem></refSysInfo><spatRepInfo><VectSpatRep><geometObjs Name="Coho_Salmon_CU_Boundary_En_2021"><geoObjTyp><GeoObjTypCd value="002" Sync="TRUE"></GeoObjTypCd></geoObjTyp><geoObjCnt Sync="TRUE">0</geoObjCnt></geometObjs><topLvl><TopoLevCd value="001" Sync="TRUE"></TopoLevCd></topLvl></VectSpatRep></spatRepInfo><spdoinfo><ptvctinf><esriterm Name="Coho_Salmon_CU_Boundary_En_2021"><efeatyp Sync="TRUE">Simple</efeatyp><efeageom code="4" Sync="TRUE"></efeageom><esritopo Sync="TRUE">FALSE</esritopo><efeacnt Sync="TRUE">0</efeacnt><spindex Sync="TRUE">FALSE</spindex><linrefer Sync="TRUE">FALSE</linrefer></esriterm></ptvctinf></spdoinfo><eainfo><detailed Name="Coho_Salmon_CU_Boundary_En_2021"><enttyp><enttypl Sync="TRUE">Coho_Salmon_CU_Boundary_En_2021</enttypl><enttypt Sync="TRUE">Feature Class</enttypt><enttypc Sync="TRUE">0</enttypc></enttyp><attr><attrlabl Sync="TRUE">FID</attrlabl><attalias Sync="TRUE">FID</attalias><attrtype Sync="TRUE">OID</attrtype><attwidth Sync="TRUE">4</attwidth><atprecis Sync="TRUE">0</atprecis><attscale Sync="TRUE">0</attscale><attrdef Sync="TRUE">Internal feature number.</attrdef><attrdefs Sync="TRUE">Esri</attrdefs><attrdomv><udom Sync="TRUE">Sequential unique whole numbers that are automatically generated.</udom></attrdomv></attr><attr><attrlabl Sync="TRUE">Shape</attrlabl><attalias Sync="TRUE">Shape</attalias><attrtype Sync="TRUE">Geometry</attrtype><attwidth Sync="TRUE">0</attwidth><atprecis Sync="TRUE">0</atprecis><attscale Sync="TRUE">0</attscale><attrdef Sync="TRUE">Feature geometry.</attrdef><attrdefs Sync="TRUE">Esri</attrdefs><attrdomv><udom Sync="TRUE">Coordinates defining the features.</udom></attrdomv></attr><attr><attrlabl Sync="TRUE">CU_NAME</attrlabl><attalias Sync="TRUE">CU_NAME</attalias><attrtype Sync="TRUE">String</attrtype><attwidth Sync="TRUE">254</attwidth><atprecis Sync="TRUE">0</atprecis><attscale Sync="TRUE">0</attscale></attr><attr><attrlabl Sync="TRUE">FULL_CU_IN</attrlabl><attalias Sync="TRUE">FULL_CU_IN</attalias><attrtype Sync="TRUE">String</attrtype><attwidth Sync="TRUE">254</attwidth><atprecis Sync="TRUE">0</atprecis><attscale Sync="TRUE">0</attscale></attr><attr><attrlabl Sync="TRUE">SP_QUAL</attrlabl><attalias Sync="TRUE">SP_QUAL</attalias><attrtype Sync="TRUE">String</attrtype><attwidth Sync="TRUE">50</attwidth><atprecis Sync="TRUE">0</atprecis><attscale Sync="TRUE">0</attscale></attr><attr><attrlabl Sync="TRUE">CU_TYPE</attrlabl><attalias Sync="TRUE">CU_TYPE</attalias><attrtype Sync="TRUE">String</attrtype><attwidth Sync="TRUE">254</attwidth><atprecis Sync="TRUE">0</atprecis><attscale Sync="TRUE">0</attscale></attr><attr><attrlabl Sync="TRUE">Shape_Leng</attrlabl><attalias Sync="TRUE">Shape_Leng</attalias><attrtype Sync="TRUE">Double</attrtype><attwidth Sync="TRUE">19</attwidth><atprecis Sync="TRUE">0</atprecis><attscale Sync="TRUE">0</attscale></attr><attr><attrlabl Sync="TRUE">Shape_Area</attrlabl><attalias Sync="TRUE">Shape_Area</attalias><attrtype Sync="TRUE">Double</attrtype><attwidth Sync="TRUE">19</attwidth><atprecis Sync="TRUE">0</atprecis><attscale Sync="TRUE">0</attscale><attrdef Sync="TRUE">Area of feature in internal units squared.</attrdef><attrdefs Sync="TRUE">Esri</attrdefs><attrdomv><udom Sync="TRUE">Positive real numbers that are automatically generated.</udom></attrdomv></attr></detailed></eainfo><mdDateSt Sync="TRUE">20210415</mdDateSt></metadata>
