<metadata xml:lang="en"><Esri><CreaDate>20210624</CreaDate><CreaTime>08465400</CreaTime><ArcGISFormat>1.0</ArcGISFormat><SyncOnce>FALSE</SyncOnce><DataProperties><lineage><Process ToolSource="c:\program files\arcgis\pro\Resources\ArcToolbox\toolboxes\Data Management Tools.tbx\CreateFeatureclass" Date="20210618" Time="150810">CreateFeatureclass D:\F\Crm2303_CU_Updates\Projects\SalmonCU\WSP_Status.gdb CU_STATUS_PT_SHP Point # No No "GEOGCS["GCS_North_American_1983",DATUM["D_North_American_1983",SPHEROID["GRS_1980",6378137.0,298.257222101]],PRIMEM["Greenwich",0.0],UNIT["Degree",0.0174532925199433]];-400 -400 1000000000;-100000 10000;-100000 10000;8.98315284119521E-09;0.001;0.001;IsHighPrecision" # # # # #</Process><Process ToolSource="c:\program files\arcgis\pro\Resources\ArcToolbox\toolboxes\Data Management Tools.tbx\UpdateSchema" Date="20210618" Time="150811">UpdateSchema D:\F\Crm2303_CU_Updates\Projects\SalmonCU\WSP_Status.gdb\CU_STATUS_PT_SHP &lt;operationSequence&gt;&lt;workflow&gt;&lt;AddField&gt;&lt;field_name&gt;CU_NAME&lt;/field_name&gt;&lt;field_type&gt;TEXT&lt;/field_type&gt;&lt;field_alias&gt;CU_NAME&lt;/field_alias&gt;&lt;field_is_nullable&gt;TRUE&lt;/field_is_nullable&gt;&lt;field_length&gt;254&lt;/field_length&gt;&lt;/AddField&gt;&lt;/workflow&gt;&lt;workflow&gt;&lt;AddField&gt;&lt;field_name&gt;FULL_CU_IN&lt;/field_name&gt;&lt;field_type&gt;TEXT&lt;/field_type&gt;&lt;field_alias&gt;FULL_CU_IN&lt;/field_alias&gt;&lt;field_is_nullable&gt;TRUE&lt;/field_is_nullable&gt;&lt;field_length&gt;254&lt;/field_length&gt;&lt;/AddField&gt;&lt;/workflow&gt;&lt;workflow&gt;&lt;AddField&gt;&lt;field_name&gt;SP_QUAL&lt;/field_name&gt;&lt;field_type&gt;TEXT&lt;/field_type&gt;&lt;field_alias&gt;SP_QUAL&lt;/field_alias&gt;&lt;field_is_nullable&gt;TRUE&lt;/field_is_nullable&gt;&lt;field_length&gt;254&lt;/field_length&gt;&lt;/AddField&gt;&lt;/workflow&gt;&lt;workflow&gt;&lt;AddField&gt;&lt;field_name&gt;CU_TYPE&lt;/field_name&gt;&lt;field_type&gt;TEXT&lt;/field_type&gt;&lt;field_alias&gt;CU_TYPE&lt;/field_alias&gt;&lt;field_is_nullable&gt;TRUE&lt;/field_is_nullable&gt;&lt;field_length&gt;254&lt;/field_length&gt;&lt;/AddField&gt;&lt;/workflow&gt;&lt;workflow&gt;&lt;AddField&gt;&lt;field_name&gt;WSP_STATUS&lt;/field_name&gt;&lt;field_type&gt;TEXT&lt;/field_type&gt;&lt;field_alias&gt;WSP_STATUS&lt;/field_alias&gt;&lt;field_is_nullable&gt;TRUE&lt;/field_is_nullable&gt;&lt;field_length&gt;254&lt;/field_length&gt;&lt;/AddField&gt;&lt;/workflow&gt;&lt;workflow&gt;&lt;AddField&gt;&lt;field_name&gt;EFFECT_DT&lt;/field_name&gt;&lt;field_type&gt;Long&lt;/field_type&gt;&lt;field_alias&gt;EFFECT_DT&lt;/field_alias&gt;&lt;field_is_nullable&gt;TRUE&lt;/field_is_nullable&gt;&lt;field_length&gt;4&lt;/field_length&gt;&lt;/AddField&gt;&lt;/workflow&gt;&lt;/operationSequence&gt;</Process><Process ToolSource="c:\program files\arcgis\pro\Resources\ArcToolbox\toolboxes\Data Management Tools.tbx\UpdateSchema" Date="20210618" Time="150811">UpdateSchema D:\F\Crm2303_CU_Updates\Projects\SalmonCU\WSP_Status.gdb\CU_STATUS_PT_SHP &lt;operationSequence&gt;&lt;workflow&gt;&lt;AlterField&gt;&lt;field_name&gt;OBJECTID&lt;/field_name&gt;&lt;field_alias&gt;OBJECTID&lt;/field_alias&gt;&lt;/AlterField&gt;&lt;/workflow&gt;&lt;workflow&gt;&lt;AlterField&gt;&lt;field_name&gt;SHAPE&lt;/field_name&gt;&lt;field_alias&gt;SHAPE&lt;/field_alias&gt;&lt;/AlterField&gt;&lt;/workflow&gt;&lt;/operationSequence&gt;</Process><Process ToolSource="c:\program files\arcgis\pro\Resources\ArcToolbox\toolboxes\Data Management Tools.tbx\Append" Date="20210618" Time="151052">Append CU_STATUS_PT_ACCESS CU_STATUS_PT_SHP "Use the field map to reconcile field differences" "CU_NAME "CU_NAME" true true false 254 Text 0 0,First,#,D:\F\Crm2303_CU_Updates\Projects\SalmonCU\WSP_Status.gdb\CU_STATUS_PT_ACCESS,CU_NAME,0,60;FULL_CU_IN "FULL_CU_IN" true true false 254 Text 0 0,First,#,D:\F\Crm2303_CU_Updates\Projects\SalmonCU\WSP_Status.gdb\CU_STATUS_PT_ACCESS,FULL_CU_IN,0,15;SP_QUAL "SP_QUAL" true true false 254 Text 0 0,First,#,D:\F\Crm2303_CU_Updates\Projects\SalmonCU\WSP_Status.gdb\CU_STATUS_PT_ACCESS,SP_QUAL,0,255;CU_TYPE "CU_TYPE" true true false 254 Text 0 0,First,#;WSP_STATUS "WSP_STATUS" true true false 254 Text 0 0,First,#,CU_STATUS_PT_ACCESS,INTEGRATED_STATUS,0,20;EFFECT_DT "EFFECT_DT" true true false 4 Long 0 0,First,#,CU_STATUS_PT_ACCESS,EFFECTIVE_DT,0,15" # #</Process><Process ToolSource="c:\program files\arcgis\pro\Resources\ArcToolbox\Toolboxes\Data Management Tools.tbx\DeleteField" Date="20210621" Time="082149">DeleteField CU_STATUS_PT_SHP EFFECT_DT</Process><Process ToolSource="c:\program files\arcgis\pro\Resources\ArcToolbox\toolboxes\Data Management Tools.tbx\Rename" Date="20210621" Time="083928">Rename D:\F\Crm2303_CU_Updates\Projects\SalmonCU\WSP_Status.gdb\CU_STATUS_PT_SHP D:\F\Crm2303_CU_Updates\Projects\SalmonCU\WSP_Status.gdb\CU_STATUS_PT_SHP_En FeatureClass</Process><Process ToolSource="c:\program files\arcgis\pro\Resources\ArcToolbox\toolboxes\Data Management Tools.tbx\AlterField" Date="20210621" Time="103326">AlterField CU_STATUS_PT_SHP FULL_CU_IN CU_INDEX # Text 254 NULLABLE DO_NOT_CLEAR</Process><Process ToolSource="c:\program files\arcgis\pro\Resources\ArcToolbox\toolboxes\Data Management Tools.tbx\AlterField" Date="20210621" Time="103517">AlterField CU_STATUS_PT_SHP CU_INDEX CU_INDEX CU_INDEX Text 254 NULLABLE DO_NOT_CLEAR</Process><Process ToolSource="c:\program files\arcgis\pro\Resources\ArcToolbox\toolboxes\Analysis Tools.tbx\Select" Date="20210621" Time="104052">Select CU_STATUS_PT_SHP D:\F\Crm2303_CU_Updates\Deliverables\20210621_UpdatedDeliverable\SER.shp " "SP_QUAL" = 'SER' "</Process><Process ToolSource="c:\program files\arcgis\pro\Resources\ArcToolbox\toolboxes\Data Management Tools.tbx\Copy" Date="20210621" Time="104245">Copy D:\F\Crm2303_CU_Updates\Deliverables\20210621_UpdatedDeliverable\SER_STATUS_En.shp D:\F\Crm2303_CU_Updates\Deliverables\20210621_UpdatedDeliverable\CU_SHAPEFILES\SER_EXTERNAL_SHAPEFILES\SER_STATUS_En.shp Shapefile #</Process><Process ToolSource="c:\program files\arcgis\pro\Resources\ArcToolbox\toolboxes\Data Management Tools.tbx\CopyFeatures" Date="20210624" Time="083738">CopyFeatures SER_STATUS_En D:\F\Crm2303_CU_Updates\Projects\SalmonCU\Temp_check.gdb\SER_STATUS_En # # # #</Process><Process ToolSource="c:\program files\arcgis\pro\Resources\ArcToolbox\toolboxes\Data Management Tools.tbx\AlterField" Date="20210624" Time="084406">AlterField SER_STATUS_En CU_INDEX FULL_CU_IN FULL_CU_IN Text 254 NULLABLE DO_NOT_CLEAR</Process><Process ToolSource="c:\program files\arcgis\pro\Resources\ArcToolbox\toolboxes\Data Management Tools.tbx\CopyFeatures" Date="20210624" Time="084602">CopyFeatures SER_STATUS_En D:\F\Crm2303_CU_Updates\Deliverables\20210621_UpdatedDeliverable\SER_STATUS_En.shp # # # #</Process><Process ToolSource="c:\program files\arcgis\pro\Resources\ArcToolbox\toolboxes\Data Management Tools.tbx\Copy" Date="20210624" Time="084654">Copy D:\F\Crm2303_CU_Updates\Deliverables\20210621_UpdatedDeliverable\SER_STATUS_En.shp D:\F\Crm2303_CU_Updates\Deliverables\20210621_UpdatedDeliverable\CU_SHAPEFILES\SER_EXTERNAL_SHAPEFILES\SER_STATUS_En.shp Shapefile #</Process><Process ToolSource="c:\program files\arcgis\pro\Resources\ArcToolbox\toolboxes\Data Management Tools.tbx\Merge" Date="20211005" Time="151840">Merge SER_STATUS_En;SEL_STATUS_En;PKO_STATUS_En;PKE_STATUS_En;CK_STATUS_En;CO_STATUS_En D:\F\Crm2303_CU_Updates\Projects\SalmonCU\CU_Review.gdb\STATUS_En_Merge "CU_NAME "CU_NAME" true true false 254 Text 0 0,First,#,SER_STATUS_En,CU_NAME,0,254,SEL_STATUS_En,CU_NAME,0,254,PKO_STATUS_En,CU_NAME,0,254,PKE_STATUS_En,CU_NAME,0,254,CK_STATUS_En,CU_NAME,0,254,CO_STATUS_En,CU_NAME,0,254;FULL_CU_IN "FULL_CU_IN" true true false 254 Text 0 0,First,#,SER_STATUS_En,FULL_CU_IN,0,254,SEL_STATUS_En,FULL_CU_IN,0,254,PKO_STATUS_En,FULL_CU_IN,0,254,PKE_STATUS_En,FULL_CU_IN,0,254,CK_STATUS_En,FULL_CU_IN,0,254,CO_STATUS_En,FULL_CU_IN,0,254;SP_QUAL "SP_QUAL" true true false 254 Text 0 0,First,#,SER_STATUS_En,SP_QUAL,0,254,SEL_STATUS_En,SP_QUAL,0,254,PKO_STATUS_En,SP_QUAL,0,254,PKE_STATUS_En,SP_QUAL,0,254,CK_STATUS_En,SP_QUAL,0,254,CO_STATUS_En,SP_QUAL,0,254;CU_TYPE "CU_TYPE" true true false 254 Text 0 0,First,#,SER_STATUS_En,CU_TYPE,0,254,SEL_STATUS_En,CU_TYPE,0,254,PKO_STATUS_En,CU_TYPE,0,254,PKE_STATUS_En,CU_TYPE,0,254,CK_STATUS_En,CU_TYPE,0,254,CO_STATUS_En,CU_TYPE,0,254;WSP_STATUS "WSP_STATUS" true true false 254 Text 0 0,First,#,SER_STATUS_En,WSP_STATUS,0,254,SEL_STATUS_En,WSP_STATUS,0,254,PKO_STATUS_En,WSP_STATUS,0,254,PKE_STATUS_En,WSP_STATUS,0,254,CK_STATUS_En,WSP_STATUS,0,254,CO_STATUS_En,WSP_STATUS,0,254" NO_SOURCE_INFO</Process><Process ToolSource="c:\program files\arcgis\pro\Resources\ArcToolbox\toolboxes\Data Management Tools.tbx\UpdateSchema" Date="20211005" Time="152235">UpdateSchema "CIMDATA=&lt;CIMStandardDataConnection xsi:type='typens:CIMStandardDataConnection' xmlns:xsi='http://www.w3.org/2001/XMLSchema-instance' xmlns:xs='http://www.w3.org/2001/XMLSchema' xmlns:typens='http://www.esri.com/schemas/ArcGIS/2.8.0'&gt;&lt;WorkspaceConnectionString&gt;DATABASE=D:\F\Crm2303_CU_Updates\Projects\SalmonCU\CU_Review.gdb&lt;/WorkspaceConnectionString&gt;&lt;WorkspaceFactory&gt;FileGDB&lt;/WorkspaceFactory&gt;&lt;Dataset&gt;STATUS_En_Merge&lt;/Dataset&gt;&lt;DatasetType&gt;esriDTFeatureClass&lt;/DatasetType&gt;&lt;/CIMStandardDataConnection&gt;" &lt;operationSequence&gt;&lt;workflow&gt;&lt;AddField&gt;&lt;field_name&gt;CU_LAT&lt;/field_name&gt;&lt;field_type&gt;DOUBLE&lt;/field_type&gt;&lt;field_alias&gt;CU_LAT&lt;/field_alias&gt;&lt;field_is_nullable&gt;True&lt;/field_is_nullable&gt;&lt;field_is_required&gt;False&lt;/field_is_required&gt;&lt;/AddField&gt;&lt;/workflow&gt;&lt;workflow&gt;&lt;AddField&gt;&lt;field_name&gt;CU_LONG&lt;/field_name&gt;&lt;field_type&gt;DOUBLE&lt;/field_type&gt;&lt;field_alias&gt;CU_LONG&lt;/field_alias&gt;&lt;field_is_nullable&gt;True&lt;/field_is_nullable&gt;&lt;field_is_required&gt;False&lt;/field_is_required&gt;&lt;/AddField&gt;&lt;/workflow&gt;&lt;/operationSequence&gt;</Process><Process ToolSource="c:\program files\arcgis\pro\Resources\ArcToolbox\toolboxes\Analysis Tools.tbx\Select" Date="20211006" Time="101115">Select STATUS_En_Merge D:\F\Crm2303_CU_Updates\Projects\SalmonCU\CU_Review.gdb\SEL " "SP_QUAL" = 'SEL' "</Process><Process ToolSource="c:\program files\arcgis\pro\Resources\ArcToolbox\toolboxes\Data Management Tools.tbx\CopyFeatures" Date="20211006" Time="101406">CopyFeatures D:\F\Crm2303_CU_Updates\Projects\SalmonCU\CU_Review.gdb\SEL D:\F\Crm2303_CU_Updates\Deliverables\20211006_UpdatedDeliverable\TempStatus\SEL.shp # # # #</Process></lineage><itemProps><itemName Sync="TRUE">SEL</itemName><imsContentType Sync="TRUE">002</imsContentType><itemSize Sync="TRUE">0.000</itemSize><itemLocation><linkage Sync="TRUE">file://\\CRMLTD36\F\Crm2303_CU_Updates\Deliverables\20211006_UpdatedDeliverable\TempStatus\SEL.shp</linkage><protocol Sync="TRUE">Local Area Network</protocol></itemLocation></itemProps><coordRef><type Sync="TRUE">Geographic</type><geogcsn Sync="TRUE">GCS_North_American_1983</geogcsn><csUnits Sync="TRUE">Angular Unit: Degree (0.017453)</csUnits><peXml Sync="TRUE">&lt;GeographicCoordinateSystem xsi:type='typens:GeographicCoordinateSystem' xmlns:xsi='http://www.w3.org/2001/XMLSchema-instance' xmlns:xs='http://www.w3.org/2001/XMLSchema' xmlns:typens='http://www.esri.com/schemas/ArcGIS/2.8.0'&gt;&lt;WKT&gt;GEOGCS[&amp;quot;GCS_North_American_1983&amp;quot;,DATUM[&amp;quot;D_North_American_1983&amp;quot;,SPHEROID[&amp;quot;GRS_1980&amp;quot;,6378137.0,298.257222101]],PRIMEM[&amp;quot;Greenwich&amp;quot;,0.0],UNIT[&amp;quot;Degree&amp;quot;,0.0174532925199433],AUTHORITY[&amp;quot;EPSG&amp;quot;,4269]]&lt;/WKT&gt;&lt;XOrigin&gt;-400&lt;/XOrigin&gt;&lt;YOrigin&gt;-400&lt;/YOrigin&gt;&lt;XYScale&gt;11258999068426.238&lt;/XYScale&gt;&lt;ZOrigin&gt;-100000&lt;/ZOrigin&gt;&lt;ZScale&gt;10000&lt;/ZScale&gt;&lt;MOrigin&gt;-100000&lt;/MOrigin&gt;&lt;MScale&gt;10000&lt;/MScale&gt;&lt;XYTolerance&gt;8.983152841195215e-09&lt;/XYTolerance&gt;&lt;ZTolerance&gt;0.001&lt;/ZTolerance&gt;&lt;MTolerance&gt;0.001&lt;/MTolerance&gt;&lt;HighPrecision&gt;true&lt;/HighPrecision&gt;&lt;LeftLongitude&gt;-180&lt;/LeftLongitude&gt;&lt;WKID&gt;4269&lt;/WKID&gt;&lt;LatestWKID&gt;4269&lt;/LatestWKID&gt;&lt;/GeographicCoordinateSystem&gt;</peXml></coordRef><copyHistory><copy source="D:\F\Crm2303_CU_Updates\Deliverables\20210621_UpdatedDeliverable\SER_STATUS_En" dest="\\CRMLTD36\F\Crm2303_CU_Updates\Deliverables\20210621_UpdatedDeliverable\CU_SHAPEFILES\SER_EXTERNAL_SHAPEFILES\SER_STATUS_En" date="20210624" time="08465400"></copy></copyHistory></DataProperties><SyncDate>20211006</SyncDate><SyncTime>10140600</SyncTime><ModDate>20211006</ModDate><ModTime>10140600</ModTime></Esri><dataIdInfo><envirDesc Sync="TRUE">Microsoft Windows 10 Version 10.0 (Build 19043) ; Esri ArcGIS 12.8.3.29751</envirDesc><dataLang><languageCode value="eng" Sync="TRUE"></languageCode><countryCode value="CAN" Sync="TRUE"></countryCode></dataLang><idCitation><resTitle Sync="TRUE">SEL</resTitle><presForm><PresFormCd value="005" Sync="TRUE"></PresFormCd></presForm></idCitation><spatRpType><SpatRepTypCd value="001" Sync="TRUE"></SpatRepTypCd></spatRpType></dataIdInfo><mdLang><languageCode value="eng" Sync="TRUE"></languageCode><countryCode value="CAN" Sync="TRUE"></countryCode></mdLang><distInfo><distFormat><formatName Sync="TRUE">Shapefile</formatName></distFormat><distTranOps><transSize Sync="TRUE">0.000</transSize></distTranOps></distInfo><mdHrLv><ScopeCd value="005" Sync="TRUE"></ScopeCd></mdHrLv><mdHrLvName Sync="TRUE">dataset</mdHrLvName><refSysInfo><RefSystem><refSysID><identCode code="4269" Sync="TRUE"></identCode><idCodeSpace Sync="TRUE">EPSG</idCodeSpace><idVersion Sync="TRUE">6.5(3.0.1)</idVersion></refSysID></RefSystem></refSysInfo><spatRepInfo><VectSpatRep><geometObjs Name="SEL"><geoObjTyp><GeoObjTypCd value="004" Sync="TRUE"></GeoObjTypCd></geoObjTyp><geoObjCnt Sync="TRUE">0</geoObjCnt></geometObjs><topLvl><TopoLevCd value="001" Sync="TRUE"></TopoLevCd></topLvl></VectSpatRep></spatRepInfo><spdoinfo><ptvctinf><esriterm Name="SEL"><efeatyp Sync="TRUE">Simple</efeatyp><efeageom code="1" Sync="TRUE"></efeageom><esritopo Sync="TRUE">FALSE</esritopo><efeacnt Sync="TRUE">0</efeacnt><spindex Sync="TRUE">FALSE</spindex><linrefer Sync="TRUE">FALSE</linrefer></esriterm></ptvctinf></spdoinfo><eainfo><detailed Name="SEL"><enttyp><enttypl Sync="TRUE">SEL</enttypl><enttypt Sync="TRUE">Feature Class</enttypt><enttypc Sync="TRUE">0</enttypc></enttyp><attr><attrlabl Sync="TRUE">FID</attrlabl><attalias Sync="TRUE">FID</attalias><attrtype Sync="TRUE">OID</attrtype><attwidth Sync="TRUE">4</attwidth><atprecis Sync="TRUE">0</atprecis><attscale Sync="TRUE">0</attscale><attrdef Sync="TRUE">Internal feature number.</attrdef><attrdefs Sync="TRUE">Esri</attrdefs><attrdomv><udom Sync="TRUE">Sequential unique whole numbers that are automatically generated.</udom></attrdomv></attr><attr><attrlabl Sync="TRUE">Shape</attrlabl><attalias Sync="TRUE">Shape</attalias><attrtype Sync="TRUE">Geometry</attrtype><attwidth Sync="TRUE">0</attwidth><atprecis Sync="TRUE">0</atprecis><attscale Sync="TRUE">0</attscale><attrdef Sync="TRUE">Feature geometry.</attrdef><attrdefs Sync="TRUE">Esri</attrdefs><attrdomv><udom Sync="TRUE">Coordinates defining the features.</udom></attrdomv></attr><attr><attrlabl Sync="TRUE">CU_NAME</attrlabl><attalias Sync="TRUE">CU_NAME</attalias><attrtype Sync="TRUE">String</attrtype><attwidth Sync="TRUE">254</attwidth><atprecis Sync="TRUE">0</atprecis><attscale Sync="TRUE">0</attscale></attr><attr><attrlabl Sync="TRUE">FULL_CU_IN</attrlabl><attalias Sync="TRUE">FULL_CU_IN</attalias><attrtype Sync="TRUE">String</attrtype><attwidth Sync="TRUE">254</attwidth><atprecis Sync="TRUE">0</atprecis><attscale Sync="TRUE">0</attscale></attr><attr><attrlabl Sync="TRUE">SP_QUAL</attrlabl><attalias Sync="TRUE">SP_QUAL</attalias><attrtype Sync="TRUE">String</attrtype><attwidth Sync="TRUE">254</attwidth><atprecis Sync="TRUE">0</atprecis><attscale Sync="TRUE">0</attscale></attr><attr><attrlabl Sync="TRUE">CU_TYPE</attrlabl><attalias Sync="TRUE">CU_TYPE</attalias><attrtype Sync="TRUE">String</attrtype><attwidth Sync="TRUE">254</attwidth><atprecis Sync="TRUE">0</atprecis><attscale Sync="TRUE">0</attscale></attr><attr><attrlabl Sync="TRUE">WSP_STATUS</attrlabl><attalias Sync="TRUE">WSP_STATUS</attalias><attrtype Sync="TRUE">String</attrtype><attwidth Sync="TRUE">254</attwidth><atprecis Sync="TRUE">0</atprecis><attscale Sync="TRUE">0</attscale></attr><attr><attrlabl Sync="TRUE">CU_LAT</attrlabl><attalias Sync="TRUE">CU_LAT</attalias><attrtype Sync="TRUE">Double</attrtype><attwidth Sync="TRUE">19</attwidth><atprecis Sync="TRUE">0</atprecis><attscale Sync="TRUE">0</attscale></attr><attr><attrlabl Sync="TRUE">CU_LONG</attrlabl><attalias Sync="TRUE">CU_LONG</attalias><attrtype Sync="TRUE">Double</attrtype><attwidth Sync="TRUE">19</attwidth><atprecis Sync="TRUE">0</atprecis><attscale Sync="TRUE">0</attscale></attr></detailed></eainfo><mdDateSt Sync="TRUE">20211006</mdDateSt></metadata>
