<metadata xml:lang="en"><Esri><CreaDate>20211008</CreaDate><CreaTime>12261000</CreaTime><ArcGISFormat>1.0</ArcGISFormat><SyncOnce>FALSE</SyncOnce><DataProperties><lineage><Process ToolSource="c:\program files\arcgis\pro\Resources\ArcToolbox\toolboxes\Data Management Tools.tbx\CreateFeatureclass" Date="20211008" Time="122610">CreateFeatureclass D:\F\Crm2303_CU_Updates\Projects\SalmonCU\CU_Review.gdb CU_Sites_Fr_Schema_Point Point D:\F\Crm2303_CU_Updates\Projects\SalmonCU\CU_Review.gdb\CU_Sites_Fr_Schema_table No No "GEOGCS["GCS_North_American_1983",DATUM["D_North_American_1983",SPHEROID["GRS_1980",6378137.0,298.257222101]],PRIMEM["Greenwich",0.0],UNIT["Degree",0.0174532925199433]];-400 -400 1000000000;-100000 10000;-100000 10000;8.98315284119521E-09;0.001;0.001;IsHighPrecision" # 0 0 0 #</Process><Process ToolSource="c:\program files\arcgis\pro\Resources\ArcToolbox\toolboxes\Data Management Tools.tbx\XYTableToPoint" Date="20211008" Time="122610">XYTableToPoint D:\F\Crm2303_CU_Updates\Projects\SalmonCU\CU_Review.gdb\CU_Sites_Fr_Schema_table D:\F\Crm2303_CU_Updates\Projects\SalmonCU\CU_Review.gdb\CU_Sites_Fr_Schema_Point X_LONG Y_LAT # "GEOGCS["GCS_WGS_1984",DATUM["D_WGS_1984",SPHEROID["WGS_1984",6378137.0,298.257223563]],PRIMEM["Greenwich",0.0],UNIT["Degree",0.0174532925199433]];-400 -400 1000000000;-100000 10000;-100000 10000;8.98315284119521E-09;0.001;0.001;IsHighPrecision"</Process><Process ToolSource="c:\program files\arcgis\pro\Resources\ArcToolbox\toolboxes\Data Management Tools.tbx\Append" Date="20211008" Time="122822">Append CU_Sites_En_Schema_Point CU_Sites_Fr_Schema_Point "Use the field map to reconcile field differences" "NOM_SITE "NOM_SITE" true false false 254 Text 0 0,First,#,CU_Sites_En_Schema_Point,SITE_NAME,0,254;NOM_GAZ "NOM_GAZ" true false false 254 Text 0 0,First,#,CU_Sites_En_Schema_Point,GAZ_NAME,0,254;ID_CARAC_G "ID_CARAC_G" true false false 4 Long 0 0,First,#,CU_Sites_En_Schema_Point,GFE_ID,-1,-1;Y_LAT "Y_LAT" true false false 8 Double 0 0,First,#,D:\F\Crm2303_CU_Updates\Projects\SalmonCU\CU_Review.gdb\CU_Sites_En_Schema_Point,Y_LAT,-1,-1;X_LONG "X_LONG" true false false 8 Double 0 0,First,#,D:\F\Crm2303_CU_Updates\Projects\SalmonCU\CU_Review.gdb\CU_Sites_En_Schema_Point,X_LONG,-1,-1;TYPE_DE_CA "TYPE_DE_CA" true false false 254 Text 0 0,First,#,CU_Sites_En_Schema_Point,GFE_TYPE,0,254;CODE_DU_BA_20K "CODE_DU_BA_20K" true false false 255 Text 0 0,First,#,CU_Sites_En_Schema_Point,WS_CDE_20K,0,255;CODE_DU_BA_50K "CODE_DU_BA_50K" true false false 254 Text 0 0,First,#,CU_Sites_En_Schema_Point,WS_CDE_50K,0,254;NOM_UC "NOM_UC" true false false 254 Text 0 0,First,#,CU_Sites_En_Schema_Point,CU_NAME,0,254;INDICE_UC "INDICE_UC" true false false 254 Text 0 0,First,#,CU_Sites_En_Schema_Point,FULL_CU_IN,0,254;SP_QUAL "SP_QUAL" true false false 254 Text 0 0,First,#,D:\F\Crm2303_CU_Updates\Projects\SalmonCU\CU_Review.gdb\CU_Sites_En_Schema_Point,SP_QUAL,0,254;TYPE_UC "TYPE_UC" true false false 254 Text 0 0,First,#,CU_Sites_En_Schema_Point,CU_TYPE,0,254;ID_POP "ID_POP" true false false 4 Long 0 0,First,#,CU_Sites_En_Schema_Point,POP_ID,-1,-1;ACRO_ZAEA "ACRO_ZAEA" true false false 254 Text 0 0,First,#,CU_Sites_En_Schema_Point,FAZ_ACRO,0,254;ACRO_ZAM "ACRO_ZAM" true false false 254 Text 0 0,First,#,CU_Sites_En_Schema_Point,MAZ_ACRO,0,254;ACRO_ZAJ "ACRO_ZAJ" true false false 254 Text 0 0,First,#,CU_Sites_En_Schema_Point,JAZ_ACRO,0,254" # #</Process><Process ToolSource="c:\program files\arcgis\pro\Resources\ArcToolbox\toolboxes\Analysis Tools.tbx\Select" Date="20211008" Time="123829">Select CU_Sites_Fr_Schema_Point D:\F\Crm2303_CU_Updates\Projects\SalmonCU\CU_Review.gdb\SEL " "SP_QUAL" = 'SEL' "</Process><Process Name="Rename" ToolSource="c:\program files\arcgis\pro\Resources\ArcToolbox\toolboxes\Data Management Tools.tbx\Rename" Date="20211008" Time="124101">Rename D:\F\Crm2303_CU_Updates\Projects\SalmonCU\CU_Review.gdb\SEL D:\F\Crm2303_CU_Updates\Projects\SalmonCU\CU_Review.gdb\SEL_CU_Sites_Fr #</Process><Process ToolSource="c:\program files\arcgis\pro\Resources\ArcToolbox\toolboxes\Data Management Tools.tbx\CopyFeatures" Date="20211008" Time="124822">CopyFeatures D:\F\Crm2303_CU_Updates\Projects\SalmonCU\CU_Review.gdb\SEL_CU_Sites_Fr D:\F\Crm2303_CU_Updates\Deliverables\20211008_UpdatedDeliverable\CU_SHAPEFILES\SEL_CU_Sites_Fr.shp # # # #</Process><Process ToolSource="c:\program files\arcgis\pro\Resources\ArcToolbox\toolboxes\Data Management Tools.tbx\CopyFeatures" Date="20211008" Time="134217">CopyFeatures D:\F\Crm2303_CU_Updates\Deliverables\20211008_UpdatedDeliverable\CU_SHAPEFILES\Lake_Type_Sockeye_Salmon_CU_Shape\Lake_Type_Sockeye_Salmon_CU_Sites\SEL_CU_SITES_Fr.shp D:\F\Crm2303_CU_Updates\Deliverables\20211008_UpdatedDeliverable\CU_GEODATABASE\Lake_Type_Sockeye_Salmon_CU_Fr.gdb\SEL_CU_SITES_Fr # # # #</Process><Process ToolSource="c:\program files\arcgis\pro\Resources\ArcToolbox\toolboxes\Data Management Tools.tbx\AlterField" Date="20211008" Time="150453">AlterField SEL_CU_SITES_Fr CODE_DU_BA CDE_BA_20K CDE_BA_20K Text 254 NULLABLE DO_NOT_CLEAR</Process><Process ToolSource="c:\program files\arcgis\pro\Resources\ArcToolbox\toolboxes\Data Management Tools.tbx\AlterField" Date="20211008" Time="150548">AlterField SEL_CU_SITES_Fr CODE_DU__1 CDE_BA_50K CDE_BA_50K Text 254 NULLABLE DO_NOT_CLEAR</Process><Process ToolSource="c:\program files\arcgis\pro\Resources\ArcToolbox\toolboxes\Data Management Tools.tbx\CopyFeatures" Date="20211008" Time="150721">CopyFeatures SEL_CU_SITES_Fr D:\F\Crm2303_CU_Updates\Deliverables\20211008_UpdatedDeliverable\CU_SHAPEFILES\SEL_CU_SITES_Fr.shp # # # #</Process></lineage><itemProps><itemName Sync="TRUE">SEL_CU_SITES_Fr</itemName><imsContentType Sync="TRUE">002</imsContentType><itemLocation><linkage Sync="TRUE">file://\\CRMLTD36\F\Crm2303_CU_Updates\Deliverables\20211008_UpdatedDeliverable\CU_SHAPEFILES\SEL_CU_SITES_Fr.shp</linkage><protocol Sync="TRUE">Local Area Network</protocol></itemLocation><itemSize Sync="TRUE">0.000</itemSize></itemProps><coordRef><type Sync="TRUE">Geographic</type><geogcsn Sync="TRUE">GCS_North_American_1983</geogcsn><csUnits Sync="TRUE">Angular Unit: Degree (0.017453)</csUnits><peXml Sync="TRUE">&lt;GeographicCoordinateSystem xsi:type='typens:GeographicCoordinateSystem' xmlns:xsi='http://www.w3.org/2001/XMLSchema-instance' xmlns:xs='http://www.w3.org/2001/XMLSchema' xmlns:typens='http://www.esri.com/schemas/ArcGIS/2.8.0'&gt;&lt;WKT&gt;GEOGCS[&amp;quot;GCS_North_American_1983&amp;quot;,DATUM[&amp;quot;D_North_American_1983&amp;quot;,SPHEROID[&amp;quot;GRS_1980&amp;quot;,6378137.0,298.257222101]],PRIMEM[&amp;quot;Greenwich&amp;quot;,0.0],UNIT[&amp;quot;Degree&amp;quot;,0.0174532925199433],AUTHORITY[&amp;quot;EPSG&amp;quot;,4269]]&lt;/WKT&gt;&lt;XOrigin&gt;-400&lt;/XOrigin&gt;&lt;YOrigin&gt;-400&lt;/YOrigin&gt;&lt;XYScale&gt;11258999068426.238&lt;/XYScale&gt;&lt;ZOrigin&gt;-100000&lt;/ZOrigin&gt;&lt;ZScale&gt;10000&lt;/ZScale&gt;&lt;MOrigin&gt;-100000&lt;/MOrigin&gt;&lt;MScale&gt;10000&lt;/MScale&gt;&lt;XYTolerance&gt;8.983152841195215e-09&lt;/XYTolerance&gt;&lt;ZTolerance&gt;0.001&lt;/ZTolerance&gt;&lt;MTolerance&gt;0.001&lt;/MTolerance&gt;&lt;HighPrecision&gt;true&lt;/HighPrecision&gt;&lt;LeftLongitude&gt;-180&lt;/LeftLongitude&gt;&lt;WKID&gt;4269&lt;/WKID&gt;&lt;LatestWKID&gt;4269&lt;/LatestWKID&gt;&lt;/GeographicCoordinateSystem&gt;</peXml></coordRef></DataProperties><SyncDate>20211008</SyncDate><SyncTime>15072100</SyncTime><ModDate>20211008</ModDate><ModTime>15072100</ModTime></Esri><dataIdInfo><envirDesc Sync="TRUE">Microsoft Windows 10 Version 10.0 (Build 19043) ; Esri ArcGIS 12.8.3.29751</envirDesc><dataLang><languageCode value="eng" Sync="TRUE"></languageCode><countryCode value="CAN" Sync="TRUE"></countryCode></dataLang><idCitation><resTitle Sync="TRUE">SEL_CU_SITES_Fr</resTitle><presForm><PresFormCd value="005" Sync="TRUE"></PresFormCd></presForm></idCitation><spatRpType><SpatRepTypCd value="001" Sync="TRUE"></SpatRepTypCd></spatRpType></dataIdInfo><mdLang><languageCode value="eng" Sync="TRUE"></languageCode><countryCode value="CAN" Sync="TRUE"></countryCode></mdLang><distInfo><distFormat><formatName Sync="TRUE">Shapefile</formatName></distFormat><distTranOps><transSize Sync="TRUE">0.000</transSize></distTranOps></distInfo><mdHrLv><ScopeCd value="005" Sync="TRUE"></ScopeCd></mdHrLv><mdHrLvName Sync="TRUE">dataset</mdHrLvName><refSysInfo><RefSystem><refSysID><identCode code="4269" Sync="TRUE"></identCode><idCodeSpace Sync="TRUE">EPSG</idCodeSpace><idVersion Sync="TRUE">6.5(3.0.1)</idVersion></refSysID></RefSystem></refSysInfo><spatRepInfo><VectSpatRep><geometObjs Name="SEL_CU_SITES_Fr"><geoObjTyp><GeoObjTypCd value="004" Sync="TRUE"></GeoObjTypCd></geoObjTyp><geoObjCnt Sync="TRUE">0</geoObjCnt></geometObjs><topLvl><TopoLevCd value="001" Sync="TRUE"></TopoLevCd></topLvl></VectSpatRep></spatRepInfo><spdoinfo><ptvctinf><esriterm Name="SEL_CU_SITES_Fr"><efeatyp Sync="TRUE">Simple</efeatyp><efeageom code="1" Sync="TRUE"></efeageom><esritopo Sync="TRUE">FALSE</esritopo><efeacnt Sync="TRUE">0</efeacnt><spindex Sync="TRUE">FALSE</spindex><linrefer Sync="TRUE">FALSE</linrefer></esriterm></ptvctinf></spdoinfo><eainfo><detailed Name="SEL_CU_SITES_Fr"><enttyp><enttypl Sync="TRUE">SEL_CU_SITES_Fr</enttypl><enttypt Sync="TRUE">Feature Class</enttypt><enttypc Sync="TRUE">0</enttypc></enttyp><attr><attrlabl Sync="TRUE">FID</attrlabl><attalias Sync="TRUE">FID</attalias><attrtype Sync="TRUE">OID</attrtype><attwidth Sync="TRUE">4</attwidth><atprecis Sync="TRUE">0</atprecis><attscale Sync="TRUE">0</attscale><attrdef Sync="TRUE">Internal feature number.</attrdef><attrdefs Sync="TRUE">Esri</attrdefs><attrdomv><udom Sync="TRUE">Sequential unique whole numbers that are automatically generated.</udom></attrdomv></attr><attr><attrlabl Sync="TRUE">Shape</attrlabl><attalias Sync="TRUE">Shape</attalias><attrtype Sync="TRUE">Geometry</attrtype><attwidth Sync="TRUE">0</attwidth><atprecis Sync="TRUE">0</atprecis><attscale Sync="TRUE">0</attscale><attrdef Sync="TRUE">Feature geometry.</attrdef><attrdefs Sync="TRUE">Esri</attrdefs><attrdomv><udom Sync="TRUE">Coordinates defining the features.</udom></attrdomv></attr><attr><attrlabl Sync="TRUE">NOM_SITE</attrlabl><attalias Sync="TRUE">NOM_SITE</attalias><attrtype Sync="TRUE">String</attrtype><attwidth Sync="TRUE">254</attwidth><atprecis Sync="TRUE">0</atprecis><attscale Sync="TRUE">0</attscale></attr><attr><attrlabl Sync="TRUE">NOM_GAZ</attrlabl><attalias Sync="TRUE">NOM_GAZ</attalias><attrtype Sync="TRUE">String</attrtype><attwidth Sync="TRUE">254</attwidth><atprecis Sync="TRUE">0</atprecis><attscale Sync="TRUE">0</attscale></attr><attr><attrlabl Sync="TRUE">ID_CARAC_G</attrlabl><attalias Sync="TRUE">ID_CARAC_G</attalias><attrtype Sync="TRUE">Integer</attrtype><attwidth Sync="TRUE">10</attwidth><atprecis Sync="TRUE">10</atprecis><attscale Sync="TRUE">0</attscale></attr><attr><attrlabl Sync="TRUE">Y_LAT</attrlabl><attalias Sync="TRUE">Y_LAT</attalias><attrtype Sync="TRUE">Double</attrtype><attwidth Sync="TRUE">19</attwidth><atprecis Sync="TRUE">0</atprecis><attscale Sync="TRUE">0</attscale></attr><attr><attrlabl Sync="TRUE">X_LONG</attrlabl><attalias Sync="TRUE">X_LONG</attalias><attrtype Sync="TRUE">Double</attrtype><attwidth Sync="TRUE">19</attwidth><atprecis Sync="TRUE">0</atprecis><attscale Sync="TRUE">0</attscale></attr><attr><attrlabl Sync="TRUE">TYPE_DE_CA</attrlabl><attalias Sync="TRUE">TYPE_DE_CA</attalias><attrtype Sync="TRUE">String</attrtype><attwidth Sync="TRUE">254</attwidth><atprecis Sync="TRUE">0</atprecis><attscale Sync="TRUE">0</attscale></attr><attr><attrlabl Sync="TRUE">CDE_BA_20K</attrlabl><attalias Sync="TRUE">CDE_BA_20K</attalias><attrtype Sync="TRUE">String</attrtype><attwidth Sync="TRUE">254</attwidth><atprecis Sync="TRUE">0</atprecis><attscale Sync="TRUE">0</attscale></attr><attr><attrlabl Sync="TRUE">CDE_BA_50K</attrlabl><attalias Sync="TRUE">CDE_BA_50K</attalias><attrtype Sync="TRUE">String</attrtype><attwidth Sync="TRUE">254</attwidth><atprecis Sync="TRUE">0</atprecis><attscale Sync="TRUE">0</attscale></attr><attr><attrlabl Sync="TRUE">NOM_UC</attrlabl><attalias Sync="TRUE">NOM_UC</attalias><attrtype Sync="TRUE">String</attrtype><attwidth Sync="TRUE">254</attwidth><atprecis Sync="TRUE">0</atprecis><attscale Sync="TRUE">0</attscale></attr><attr><attrlabl Sync="TRUE">INDICE_UC</attrlabl><attalias Sync="TRUE">INDICE_UC</attalias><attrtype Sync="TRUE">String</attrtype><attwidth Sync="TRUE">254</attwidth><atprecis Sync="TRUE">0</atprecis><attscale Sync="TRUE">0</attscale></attr><attr><attrlabl Sync="TRUE">SP_QUAL</attrlabl><attalias Sync="TRUE">SP_QUAL</attalias><attrtype Sync="TRUE">String</attrtype><attwidth Sync="TRUE">254</attwidth><atprecis Sync="TRUE">0</atprecis><attscale Sync="TRUE">0</attscale></attr><attr><attrlabl Sync="TRUE">TYPE_UC</attrlabl><attalias Sync="TRUE">TYPE_UC</attalias><attrtype Sync="TRUE">String</attrtype><attwidth Sync="TRUE">254</attwidth><atprecis Sync="TRUE">0</atprecis><attscale Sync="TRUE">0</attscale></attr><attr><attrlabl Sync="TRUE">ID_POP</attrlabl><attalias Sync="TRUE">ID_POP</attalias><attrtype Sync="TRUE">Integer</attrtype><attwidth Sync="TRUE">10</attwidth><atprecis Sync="TRUE">10</atprecis><attscale Sync="TRUE">0</attscale></attr><attr><attrlabl Sync="TRUE">ACRO_ZAEA</attrlabl><attalias Sync="TRUE">ACRO_ZAEA</attalias><attrtype Sync="TRUE">String</attrtype><attwidth Sync="TRUE">254</attwidth><atprecis Sync="TRUE">0</atprecis><attscale Sync="TRUE">0</attscale></attr><attr><attrlabl Sync="TRUE">ACRO_ZAM</attrlabl><attalias Sync="TRUE">ACRO_ZAM</attalias><attrtype Sync="TRUE">String</attrtype><attwidth Sync="TRUE">254</attwidth><atprecis Sync="TRUE">0</atprecis><attscale Sync="TRUE">0</attscale></attr><attr><attrlabl Sync="TRUE">ACRO_ZAJ</attrlabl><attalias Sync="TRUE">ACRO_ZAJ</attalias><attrtype Sync="TRUE">String</attrtype><attwidth Sync="TRUE">254</attwidth><atprecis Sync="TRUE">0</atprecis><attscale Sync="TRUE">0</attscale></attr></detailed></eainfo><mdDateSt Sync="TRUE">20211008</mdDateSt></metadata>
